Customer_ID,Full_Name,Gender,Birth_Date,City,Job_Title,Monthly_Income,Segment,Join_Date
1,Nour Mostafa,Female,1974-05-03,Assiut,Business Owner,36619,Retail,2024-05-09
2,Mostafa Youssef,Male,1983-03-12,Tanta,Accountant,21865,Retail,2023-03-06
3,Dina Khaled,Female,1975-03-15,Cairo,Doctor,47691,Retail,2017-07-27
4,Youssef Ibrahim,Female,1962-06-13,Giza,Retired,16773,Retail,2022-05-08
5,Mostafa Mahmoud,Male,1991-07-21,Assiut,Branch Officer,19681,Retail,2021-04-18
6,Fatma Nour,Female,1994-05-24,Giza,IT Specialist,29038,Retail,2016-07-20
7,Mahmoud Hassan,Female,1992-08-03,Tanta,Engineer,18592,Retail,2015-09-18
8,Mostafa Dina,Male,1984-07-20,Assiut,Branch Officer,32338,Retail,2023-01-31
9,Mona Omar,Female,1967-11-18,Mansoura,Consultant,72006,Retail,2016-10-09
10,Hassan Aya,Male,1989-01-24,Assiut,Accountant,31403,Retail,2018-05-07
11,Sara Hassan,Male,2000-09-20,Tanta,Sales Representative,8504,Retail,2018-08-20
12,Khaled Mohamed,Male,1991-01-04,Tanta,Accountant,25076,Retail,2015-11-19
13,Dina Mahmoud,Male,1965-12-16,Assiut,Retired,10267,Retail,2020-04-30
14,Yasmin Ibrahim,Male,1995-03-09,Assiut,IT Specialist,34876,Retail,2018-06-30
15,Aya Heba,Male,1985-11-21,Giza,Accountant,29355,Retail,2017-07-09
16,Fatma Khaled,Male,1964-06-01,Cairo,Retired,15540,Retail,2022-12-09
17,Mona Youssef,Male,2000-01-08,Alexandria,Junior Accountant,6514,Retail,2022-07-03
18,Fatma Salma,Male,1991-04-18,Mansoura,Teacher,33711,Retail,2024-01-21
19,Sara Yasmin,Female,1986-04-04,Mansoura,Engineer,29124,Retail,2023-03-06
20,Mohamed Nour,Female,1963-11-21,Cairo,Retired,11224,Retail,2017-10-15
21,Yasmin Hassan,Female,1972-04-18,Mansoura,Doctor,39186,Retail,2017-10-20
22,Mohamed Dina,Male,1964-08-26,Cairo,Retired,11208,Retail,2023-06-14
23,Ibrahim Nour,Male,1975-03-14,Giza,Doctor,61546,Retail,2019-04-02
24,Amr Yasmin,Female,1960-07-09,Giza,Retired,22909,Retail,2017-02-16
25,Mona Mohamed,Male,1978-04-02,Tanta,Senior Manager,79019,Retail,2020-05-06
26,Youssef Hassan,Male,1992-09-06,Tanta,Engineer,31640,Retail,2015-10-06
27,Laila Mohamed,Male,1975-07-04,Mansoura,Business Owner,67940,Retail,2022-05-16
28,Ibrahim Mona,Male,1997-10-17,Alexandria,Engineer,10272,Retail,2019-06-10
29,Mona Youssef,Male,1968-11-21,Mansoura,Consultant,59964,Retail,2021-12-19
30,Mostafa Mahmoud,Female,1996-02-03,Cairo,Sales Representative,14288,Retail,2017-09-27
31,Amr Laila,Male,1983-05-06,Assiut,Branch Officer,32800,Retail,2024-02-29
32,Mostafa Omar,Male,1995-05-22,Assiut,Engineer,19400,Retail,2021-03-16
33,Mona Ibrahim,Female,1969-05-10,Tanta,Business Owner,77029,Retail,2020-06-24
34,Mohamed Ahmed,Female,1976-01-03,Giza,Doctor,48132,Retail,2022-02-22
35,Yasmin Dina,Male,1976-03-24,Cairo,Doctor,66154,Retail,2015-11-05
36,Dina Mahmoud,Female,1969-09-02,Giza,Consultant,68175,Retail,2015-06-21
37,Ibrahim Khaled,Male,1979-06-26,Alexandria,Senior Manager,53449,Retail,2023-10-01
38,Hassan Hassan,Female,1995-07-20,Cairo,Teacher,22757,Retail,2017-01-04
39,Hassan Omar,Female,1981-07-26,Cairo,Teacher,23742,Retail,2020-04-11
40,Amr Khaled,Male,1974-04-27,Cairo,Doctor,52915,Retail,2022-05-27
41,Mostafa Sara,Female,1972-07-11,Assiut,Consultant,34549,Retail,2024-06-17
42,Hassan Fatma,Female,1994-06-01,Cairo,Engineer,23559,Retail,2016-03-20
43,Laila Aya,Male,1998-07-12,Mansoura,Engineer,13149,Retail,2021-06-19
44,Aya Dina,Male,1972-05-02,Alexandria,Doctor,30110,Retail,2019-11-02
45,Omar Amr,Female,1964-11-11,Assiut,Retired,18286,Retail,2019-07-31
46,Mahmoud Ibrahim,Female,1980-07-23,Assiut,Consultant,66333,Retail,2019-04-02
47,Dina Ahmed,Female,1971-10-19,Alexandria,Consultant,56612,Retail,2017-05-10
48,Heba Heba,Male,1987-10-20,Tanta,Accountant,30236,Retail,2020-04-22
49,Laila Mona,Male,1970-11-03,Giza,Consultant,63780,Retail,2022-07-18
50,Ahmed Mohamed,Male,1979-04-26,Mansoura,Business Owner,39656,Retail,2021-11-08
51,Nour Salma,Female,1964-08-14,Giza,Retired,14371,Retail,2016-08-27
52,Khaled Hassan,Female,1960-02-25,Cairo,Retired,21931,Retail,2021-04-02
53,Aya Dina,Female,1975-02-15,Mansoura,Business Owner,60450,Retail,2021-11-14
54,Hassan Salma,Female,1992-07-27,Alexandria,IT Specialist,29611,Retail,2023-06-07
55,Khaled Mostafa,Female,1975-11-09,Cairo,Doctor,71074,Retail,2023-01-01
56,Dina Youssef,Male,1978-04-09,Giza,Consultant,50952,Retail,2017-08-05
57,Yasmin Yasmin,Female,1984-12-05,Tanta,Teacher,17104,Retail,2020-03-23
58,Fatma Ahmed,Female,1986-01-07,Mansoura,Branch Officer,27762,Retail,2015-01-25
59,Dina Dina,Male,1982-05-25,Mansoura,Branch Officer,28730,Retail,2017-06-17
60,Mona Nour,Male,1977-07-16,Mansoura,Senior Manager,55484,Retail,2016-06-06
61,Youssef Yasmin,Male,1999-09-01,Mansoura,Customer Service,6444,Retail,2017-01-14
62,Ibrahim Heba,Female,1963-05-13,Alexandria,Retired,18726,Retail,2023-07-15
63,Youssef Salma,Male,1984-05-25,Assiut,Branch Officer,23266,Retail,2021-01-18
64,Mohamed Ahmed,Male,1963-06-08,Giza,Retired,10248,Retail,2024-05-30
65,Mahmoud Salma,Male,1961-10-05,Tanta,Retired,15816,Retail,2017-06-11
66,Laila Laila,Male,1989-12-09,Giza,Accountant,20498,Retail,2018-06-28
67,Nour Nour,Male,1966-10-01,Cairo,Consultant,67735,Retail,2021-08-22
68,Fatma Mohamed,Female,2000-04-04,Tanta,Engineer,7983,Retail,2019-10-21
69,Yasmin Salma,Male,1983-02-17,Mansoura,Accountant,15414,Retail,2019-01-23
70,Hassan Aya,Female,2000-08-23,Tanta,Sales Representative,13135,Retail,2024-01-24
71,Mostafa Mona,Male,1994-08-15,Cairo,Branch Officer,34414,Retail,2018-02-16
72,Laila Nour,Female,1988-04-25,Cairo,Branch Officer,33672,Retail,2020-07-17
73,Mostafa Mona,Female,1980-03-16,Tanta,Business Owner,53253,Retail,2022-11-12
74,Khaled Yasmin,Female,1977-09-01,Tanta,Business Owner,35610,Retail,2023-07-03
75,Ahmed Youssef,Female,1975-12-16,Giza,Doctor,59371,Retail,2019-07-15
76,Dina Aya,Female,1975-05-22,Mansoura,Consultant,61015,Retail,2023-05-14
77,Amr Mostafa,Male,1995-06-12,Cairo,Branch Officer,23877,Retail,2023-02-02
78,Ibrahim Salma,Female,1972-06-04,Assiut,Business Owner,42552,Retail,2021-08-11
79,Amr Khaled,Female,1993-10-10,Giza,Engineer,21360,Retail,2018-05-23
80,Mostafa Mohamed,Male,1960-12-18,Tanta,Retired,12147,Retail,2018-04-11
81,Ahmed Fatma,Female,1968-11-28,Mansoura,Doctor,36723,Retail,2020-05-14
82,Salma Omar,Male,1988-06-06,Mansoura,Engineer,23273,Retail,2020-07-07
83,Mahmoud Mahmoud,Female,1964-10-21,Cairo,Retired,9756,Retail,2017-10-13
84,Laila Laila,Male,1967-09-25,Tanta,Doctor,69735,Retail,2019-04-08
85,Amr Fatma,Male,1988-08-10,Tanta,IT Specialist,29051,Retail,2023-04-20
86,Youssef Hassan,Male,1966-04-21,Giza,Business Owner,47343,Retail,2021-03-10
87,Heba Laila,Female,1964-03-01,Alexandria,Retired,21386,Retail,2015-05-14
88,Heba Youssef,Male,1974-05-23,Alexandria,Consultant,76070,Retail,2023-11-01
89,Omar Dina,Male,2000-10-22,Assiut,Sales Representative,12965,Retail,2016-09-02
90,Amr Laila,Female,1977-03-03,Mansoura,Senior Manager,40873,Retail,2016-05-24
91,Aya Dina,Female,1989-12-10,Mansoura,Branch Officer,23920,Retail,2015-11-26
92,Ahmed Youssef,Male,1998-01-14,Assiut,Engineer,10102,Retail,2024-05-17
93,Hassan Salma,Female,1996-10-01,Alexandria,Engineer,6659,Retail,2017-01-13
94,Salma Sara,Female,1997-07-21,Alexandria,Customer Service,7494,Retail,2018-08-08
95,Salma Amr,Female,1966-03-11,Tanta,Doctor,75460,Retail,2015-05-31
96,Omar Nour,Male,1989-02-11,Assiut,Accountant,25593,Retail,2021-01-31
97,Sara Laila,Female,1989-07-02,Assiut,Teacher,31988,Retail,2019-12-16
98,Amr Heba,Female,1963-04-09,Cairo,Retired,12293,Retail,2015-04-29
99,Amr Dina,Male,2000-10-26,Tanta,Sales Representative,8594,Retail,2019-07-30
100,Heba Omar,Male,1965-04-27,Mansoura,Retired,11717,Retail,2023-01-14
101,Salma Salma,Male,1978-09-23,Mansoura,Consultant,57229,Retail,2021-03-07
102,Mostafa Yasmin,Female,1969-07-07,Tanta,Business Owner,34575,Retail,2017-12-30
103,Fatma Fatma,Female,1960-05-24,Giza,Retired,17783,Retail,2020-01-04
104,Dina Nour,Female,1994-08-12,Alexandria,Accountant,33085,Retail,2017-02-11
105,Mohamed Mona,Female,1975-10-13,Assiut,Business Owner,56920,Retail,2024-02-06
106,Mohamed Mahmoud,Female,1984-07-22,Cairo,Teacher,31230,Retail,2024-06-23
107,Mahmoud Yasmin,Male,1988-02-17,Cairo,Branch Officer,15502,Retail,2020-04-07
108,Youssef Mona,Female,1976-06-20,Alexandria,Doctor,72587,Retail,2022-01-11
109,Khaled Amr,Male,1991-09-02,Assiut,IT Specialist,17242,Retail,2016-01-06
110,Hassan Amr,Male,1987-02-25,Cairo,Engineer,29538,Retail,2018-08-21
111,Yasmin Mahmoud,Male,1963-05-12,Tanta,Retired,20282,Retail,2019-08-15
112,Hassan Youssef,Female,1996-11-26,Tanta,Sales Representative,8785,Retail,2022-08-30
113,Heba Mostafa,Female,1975-08-19,Alexandria,Business Owner,45216,Retail,2022-06-24
114,Youssef Heba,Female,1960-08-10,Tanta,Retired,13176,Retail,2018-05-10
115,Amr Ibrahim,Female,2000-07-23,Mansoura,Engineer,13484,Retail,2016-03-12
116,Amr Amr,Male,1975-07-19,Assiut,Consultant,67670,Retail,2019-06-10
117,Salma Amr,Male,1977-01-19,Tanta,Senior Manager,69741,Retail,2023-12-29
118,Mahmoud Omar,Male,1982-04-21,Alexandria,Teacher,23212,Retail,2023-11-05
119,Youssef Amr,Female,1988-01-19,Assiut,Accountant,19306,Retail,2019-08-29
120,Aya Mostafa,Male,1971-04-05,Alexandria,Consultant,64789,Retail,2024-03-31
121,Heba Youssef,Male,1990-05-24,Giza,Accountant,18773,Retail,2022-08-02
122,Ahmed Mostafa,Male,1985-09-12,Mansoura,Engineer,27929,Retail,2019-02-18
123,Khaled Salma,Male,1976-10-13,Tanta,Consultant,37100,Retail,2021-04-18
124,Heba Amr,Female,1980-10-08,Cairo,Senior Manager,71641,Retail,2016-07-26
125,Omar Omar,Male,1962-01-10,Tanta,Retired,24142,Retail,2016-07-09
126,Fatma Mahmoud,Female,1984-08-12,Assiut,IT Specialist,28733,Retail,2016-02-10
127,Sara Ibrahim,Female,1991-10-14,Mansoura,Accountant,16072,Retail,2017-08-25
128,Sara Mohamed,Female,1983-02-22,Alexandria,Accountant,32841,Retail,2017-02-16
129,Laila Ahmed,Male,1967-08-03,Alexandria,Business Owner,72054,Retail,2017-09-24
130,Ibrahim Fatma,Male,1968-10-07,Giza,Senior Manager,66320,Retail,2018-09-07
131,Mahmoud Dina,Female,1969-10-01,Giza,Consultant,39482,Retail,2016-03-26
132,Khaled Fatma,Female,1961-03-01,Cairo,Retired,19738,Retail,2016-12-14
133,Omar Youssef,Female,1976-01-05,Mansoura,Doctor,64477,Retail,2023-09-22
134,Aya Khaled,Male,1983-09-19,Assiut,Engineer,29811,Retail,2023-10-14
135,Salma Nour,Female,1993-05-15,Assiut,Engineer,16993,Retail,2016-03-18
136,Mona Laila,Male,1991-12-15,Cairo,Engineer,17647,Retail,2016-05-31
137,Laila Aya,Female,1977-10-21,Mansoura,Consultant,54962,Retail,2020-09-01
138,Yasmin Heba,Male,1998-07-04,Mansoura,Junior Accountant,9522,Retail,2018-10-20
139,Yasmin Mona,Female,1989-07-14,Alexandria,Engineer,25241,Retail,2016-09-17
140,Yasmin Omar,Female,1990-02-03,Giza,Engineer,18054,Retail,2021-03-28
141,Omar Yasmin,Female,1963-10-18,Assiut,Retired,18801,Retail,2023-06-01
142,Amr Sara,Male,1987-12-02,Tanta,Accountant,34674,Retail,2020-09-09
143,Omar Sara,Female,1973-03-22,Cairo,Doctor,44696,Retail,2023-07-21
144,Laila Laila,Male,1977-10-08,Tanta,Doctor,66763,Retail,2022-05-18
145,Amr Mona,Female,1977-01-06,Cairo,Consultant,76052,Retail,2017-01-13
146,Mahmoud Ahmed,Male,1969-10-22,Assiut,Doctor,34560,Retail,2020-12-12
147,Hassan Sara,Female,1973-07-14,Assiut,Doctor,52340,Retail,2018-08-21
148,Hassan Laila,Male,1996-10-03,Assiut,Junior Accountant,8549,Retail,2015-12-01
149,Laila Heba,Female,1977-08-22,Alexandria,Doctor,61828,Retail,2017-06-01
150,Amr Fatma,Female,1992-02-12,Tanta,Branch Officer,18633,Retail,2022-06-25
151,Mohamed Ahmed,Male,1979-01-08,Alexandria,Doctor,69277,Retail,2017-05-15
152,Ahmed Salma,Female,1968-05-10,Giza,Consultant,37863,Retail,2016-06-13
153,Dina Sara,Male,1984-09-23,Mansoura,Teacher,31392,Retail,2023-04-28
154,Youssef Mona,Female,1962-07-01,Tanta,Retired,23065,Retail,2019-07-15
155,Ahmed Mona,Male,2000-07-10,Tanta,Junior Accountant,12636,Retail,2020-02-28
156,Yasmin Fatma,Female,1983-02-14,Tanta,Engineer,22972,Retail,2015-11-19
157,Mona Hassan,Male,1985-05-24,Tanta,Accountant,22260,Retail,2022-02-06
158,Sara Mahmoud,Male,1967-09-17,Cairo,Business Owner,52896,Retail,2016-08-22
159,Youssef Hassan,Female,1976-04-06,Mansoura,Business Owner,79821,Retail,2023-06-18
160,Mahmoud Heba,Male,1996-10-15,Mansoura,Engineer,11179,Retail,2019-12-17
161,Sara Aya,Male,2000-05-26,Alexandria,Engineer,6920,Retail,2020-03-06
162,Youssef Youssef,Female,1988-01-02,Mansoura,Accountant,24406,Retail,2021-07-05
163,Ibrahim Mona,Female,1995-12-02,Tanta,Branch Officer,33732,Retail,2016-09-09
164,Youssef Aya,Male,1963-08-04,Cairo,Retired,19253,Retail,2017-10-11
165,Hassan Sara,Female,1988-08-17,Alexandria,IT Specialist,34982,Retail,2019-05-06
166,Mona Youssef,Female,1986-06-22,Cairo,IT Specialist,16715,Retail,2021-04-04
167,Mona Youssef,Male,1984-05-09,Alexandria,IT Specialist,19927,Retail,2018-06-24
168,Dina Nour,Female,1985-03-20,Giza,Engineer,25144,Retail,2022-07-07
169,Sara Ahmed,Female,1993-02-21,Alexandria,Branch Officer,31662,Retail,2017-01-08
170,Khaled Mahmoud,Male,1973-06-25,Cairo,Doctor,42583,Retail,2018-04-26
171,Mona Laila,Male,1966-09-25,Tanta,Senior Manager,73380,Retail,2019-03-24
172,Heba Mohamed,Female,1969-03-06,Alexandria,Business Owner,77263,Retail,2022-08-02
173,Heba Khaled,Male,1975-08-20,Alexandria,Consultant,79308,Retail,2024-01-26
174,Heba Amr,Female,1990-04-12,Tanta,IT Specialist,29437,Retail,2020-11-30
175,Mahmoud Mostafa,Male,1986-03-27,Assiut,Teacher,34813,Retail,2020-05-22
176,Amr Youssef,Male,1983-09-04,Alexandria,IT Specialist,19085,Retail,2020-01-15
177,Khaled Heba,Female,1992-03-27,Cairo,Branch Officer,18005,Retail,2019-08-27
178,Khaled Nour,Male,1963-07-17,Alexandria,Retired,20253,Retail,2017-07-08
179,Mahmoud Mahmoud,Male,1961-06-04,Alexandria,Retired,18986,Retail,2024-04-21
180,Heba Laila,Male,1990-12-27,Cairo,Teacher,30371,Retail,2015-03-19
181,Laila Aya,Female,1976-04-27,Cairo,Business Owner,65966,Retail,2023-09-15
182,Khaled Yasmin,Female,1978-04-10,Cairo,Senior Manager,33129,Retail,2016-03-30
183,Fatma Khaled,Male,1991-10-18,Alexandria,Engineer,31887,Retail,2019-10-25
184,Fatma Yasmin,Male,1960-10-12,Assiut,Retired,15882,Retail,2022-06-30
185,Aya Dina,Male,1965-09-12,Mansoura,Retired,10217,Retail,2020-04-09
186,Mostafa Ahmed,Female,1962-11-13,Cairo,Retired,20232,Retail,2018-11-13
187,Mona Mahmoud,Male,1975-12-22,Alexandria,Senior Manager,68135,Retail,2021-02-14
188,Hassan Mahmoud,Male,1981-11-06,Assiut,Branch Officer,30680,Retail,2023-09-15
189,Ibrahim Mohamed,Female,1989-01-10,Alexandria,Teacher,16435,Retail,2020-10-12
190,Ibrahim Amr,Female,1985-09-16,Cairo,Accountant,16199,Retail,2022-05-09
191,Nour Heba,Female,1981-05-04,Alexandria,Accountant,29318,Retail,2017-02-04
192,Mostafa Youssef,Female,1991-12-16,Cairo,Accountant,32015,Retail,2019-10-30
193,Omar Youssef,Female,1998-03-18,Assiut,Engineer,11262,Retail,2018-04-25
194,Heba Sara,Female,1979-08-20,Cairo,Doctor,40921,Retail,2023-02-25
195,Youssef Nour,Female,1982-10-14,Tanta,Accountant,16879,Retail,2023-12-26
196,Mahmoud Youssef,Male,1970-01-05,Assiut,Doctor,32280,Retail,2019-02-09
197,Mahmoud Heba,Female,1983-07-19,Alexandria,Engineer,34827,Retail,2019-12-24
198,Nour Mona,Female,1964-10-05,Giza,Retired,20024,Retail,2016-04-09
199,Aya Nour,Male,1961-12-06,Alexandria,Retired,24352,Retail,2023-09-10
200,Amr Salma,Male,1976-12-15,Cairo,Business Owner,70099,Retail,2016-07-09
201,Youssef Mona,Female,1964-08-06,Assiut,Retired,22585,Retail,2015-09-23
202,Hassan Sara,Male,1995-09-10,Cairo,Accountant,20161,Retail,2017-04-03
203,Sara Dina,Female,1968-04-26,Mansoura,Doctor,31722,Retail,2024-01-05
204,Amr Nour,Female,1995-03-20,Tanta,Engineer,17154,Retail,2019-08-10
205,Youssef Heba,Female,1986-10-03,Assiut,Teacher,25388,Retail,2020-10-20
206,Hassan Mahmoud,Female,1982-03-27,Tanta,IT Specialist,34260,Retail,2015-08-15
207,Hassan Mona,Male,1967-09-05,Alexandria,Consultant,40790,Retail,2020-10-26
208,Dina Mostafa,Male,1978-02-09,Assiut,Business Owner,71619,Retail,2018-05-25
209,Hassan Laila,Female,1999-09-03,Tanta,Sales Representative,8526,Retail,2015-06-18
210,Ibrahim Fatma,Female,1961-02-02,Tanta,Retired,16672,Retail,2022-03-02
211,Amr Salma,Male,1961-08-21,Assiut,Retired,17491,Retail,2019-07-22
212,Heba Yasmin,Female,1979-08-03,Mansoura,Senior Manager,40359,Retail,2017-04-15
213,Sara Nour,Male,1981-10-05,Alexandria,Accountant,25463,Retail,2020-10-10
214,Omar Mostafa,Female,1995-02-11,Giza,Teacher,30285,Retail,2016-07-31
215,Yasmin Khaled,Male,1966-01-10,Alexandria,Doctor,70329,Retail,2021-06-24
216,Aya Heba,Female,1980-04-25,Alexandria,Business Owner,62654,Retail,2020-07-30
217,Heba Khaled,Male,1961-02-13,Tanta,Retired,24562,Retail,2018-12-16
218,Laila Salma,Female,1963-01-10,Tanta,Retired,24216,Retail,2015-02-03
219,Sara Nour,Female,1966-07-05,Cairo,Consultant,77677,Retail,2019-06-29
220,Sara Dina,Female,1963-10-18,Cairo,Retired,14378,Retail,2019-05-02
221,Laila Laila,Male,1992-08-25,Giza,IT Specialist,24165,Retail,2016-02-01
222,Sara Mahmoud,Male,1985-06-26,Tanta,Accountant,33279,Retail,2020-09-16
223,Mahmoud Mona,Female,1985-09-02,Tanta,Engineer,16275,Retail,2020-02-15
224,Laila Mona,Male,1969-10-17,Mansoura,Business Owner,51493,Retail,2021-11-30
225,Fatma Amr,Female,1979-10-11,Cairo,Doctor,76447,Retail,2019-02-17
226,Amr Ahmed,Female,1981-11-04,Alexandria,Branch Officer,34126,Retail,2022-05-09
227,Hassan Aya,Female,1997-10-08,Giza,Junior Accountant,13871,Retail,2024-03-19
228,Ahmed Heba,Female,1975-01-19,Mansoura,Senior Manager,42503,Retail,2016-09-12
229,Laila Salma,Male,1986-12-07,Assiut,Branch Officer,31443,Retail,2016-07-19
230,Aya Nour,Female,1993-04-18,Giza,Accountant,30675,Retail,2020-02-26
231,Laila Salma,Male,1994-06-18,Giza,Accountant,23662,Retail,2018-02-16
232,Ibrahim Salma,Female,1995-05-08,Mansoura,Accountant,24470,Retail,2018-11-29
233,Fatma Dina,Female,1995-12-09,Mansoura,Accountant,18993,Retail,2024-03-06
234,Youssef Sara,Female,1982-03-10,Assiut,Engineer,24425,Retail,2017-11-16
235,Dina Mostafa,Male,1990-04-07,Cairo,IT Specialist,23884,Retail,2021-11-26
236,Khaled Khaled,Male,1997-04-08,Cairo,Junior Accountant,14700,Retail,2019-08-20
237,Ahmed Dina,Male,1981-12-16,Mansoura,Engineer,19504,Retail,2022-04-28
238,Mona Amr,Male,1990-08-21,Cairo,Teacher,24412,Retail,2022-04-25
239,Yasmin Hassan,Male,1996-04-18,Mansoura,Junior Accountant,8868,Retail,2023-11-02
240,Ahmed Amr,Male,1991-03-24,Alexandria,Accountant,16227,Retail,2018-03-11
241,Mahmoud Aya,Female,1989-11-18,Alexandria,IT Specialist,31184,Retail,2017-02-28
242,Mostafa Hassan,Male,1967-06-06,Assiut,Doctor,72486,Retail,2018-10-12
243,Laila Nour,Female,1978-10-22,Tanta,Business Owner,41501,Retail,2018-09-05
244,Hassan Mahmoud,Female,1965-07-22,Alexandria,Retired,11125,Retail,2017-10-13
245,Heba Mostafa,Female,1960-05-13,Alexandria,Retired,15717,Retail,2021-07-13
246,Mohamed Omar,Female,1996-01-09,Alexandria,Engineer,9871,Retail,2016-10-16
247,Amr Sara,Male,1985-11-17,Giza,Accountant,18847,Retail,2016-07-01
248,Yasmin Dina,Female,1990-03-15,Tanta,IT Specialist,27242,Retail,2023-12-29
249,Heba Aya,Female,1973-04-22,Cairo,Senior Manager,64439,Retail,2021-04-29
250,Dina Mahmoud,Male,1967-01-27,Alexandria,Business Owner,67532,Retail,2024-07-31
251,Salma Youssef,Female,1993-08-04,Cairo,Teacher,34108,Retail,2020-02-01
252,Mohamed Dina,Female,1968-09-14,Assiut,Doctor,66956,Retail,2024-01-19
253,Ahmed Ibrahim,Male,1979-12-01,Cairo,Doctor,46676,Retail,2019-10-02
254,Youssef Salma,Male,1982-12-03,Alexandria,IT Specialist,16974,Retail,2019-08-02
255,Nour Heba,Female,1971-03-25,Mansoura,Doctor,54540,Retail,2015-11-25
256,Hassan Dina,Female,1994-03-21,Tanta,Accountant,18887,Retail,2016-06-05
257,Heba Dina,Female,1974-01-25,Tanta,Senior Manager,49553,Retail,2019-04-03
258,Mostafa Ibrahim,Male,1974-04-15,Cairo,Consultant,40166,Retail,2024-01-29
259,Ibrahim Youssef,Male,1986-10-25,Tanta,Engineer,22886,Retail,2015-05-18
260,Mohamed Nour,Female,1988-10-22,Giza,Engineer,23019,Retail,2021-01-19
261,Fatma Mona,Female,1973-01-05,Giza,Consultant,45346,Retail,2018-05-21
262,Amr Mostafa,Male,1969-11-17,Tanta,Business Owner,57103,Retail,2021-08-20
263,Salma Mohamed,Female,1971-11-22,Assiut,Doctor,66428,Retail,2022-07-12
264,Mahmoud Amr,Female,1984-09-11,Giza,Branch Officer,28377,Retail,2023-06-18
265,Mahmoud Heba,Male,1994-08-08,Tanta,Teacher,24854,Retail,2019-08-18
266,Khaled Mostafa,Male,1986-09-17,Alexandria,Teacher,27727,Retail,2022-04-02
267,Youssef Dina,Male,1965-08-28,Cairo,Retired,20159,Retail,2018-01-04
268,Youssef Ibrahim,Male,1984-11-20,Mansoura,IT Specialist,16295,Retail,2017-05-05
269,Omar Salma,Male,1981-05-01,Assiut,Teacher,21226,Retail,2021-10-11
270,Nour Heba,Female,1973-07-08,Alexandria,Consultant,48550,Retail,2017-12-07
271,Salma Mona,Male,1983-09-16,Alexandria,Branch Officer,18231,Retail,2018-07-05
272,Ahmed Mostafa,Female,1986-01-19,Alexandria,Teacher,19781,Retail,2016-09-16
273,Khaled Salma,Female,1972-06-08,Alexandria,Doctor,67341,Retail,2023-07-24
274,Hassan Sara,Male,1991-12-21,Giza,Branch Officer,30100,Retail,2023-01-29
275,Aya Mohamed,Male,1994-08-06,Assiut,IT Specialist,16924,Retail,2015-07-18
276,Youssef Mahmoud,Male,1960-07-05,Giza,Retired,15583,Retail,2020-09-02
277,Salma Ahmed,Male,1989-06-02,Tanta,IT Specialist,30833,Retail,2021-03-09
278,Dina Amr,Male,1986-01-01,Tanta,IT Specialist,24002,Retail,2024-02-13
279,Mahmoud Khaled,Male,1987-03-04,Tanta,Engineer,32183,Retail,2020-11-26
280,Sara Nour,Female,1976-06-09,Tanta,Doctor,35178,Retail,2017-09-23
281,Mohamed Youssef,Female,1974-05-22,Mansoura,Senior Manager,72843,Retail,2019-03-25
282,Youssef Salma,Female,1995-08-02,Assiut,Engineer,20615,Retail,2023-10-18
283,Mohamed Khaled,Male,1981-10-28,Assiut,Engineer,32306,Retail,2021-05-10
284,Dina Fatma,Male,1990-05-02,Giza,Engineer,24187,Retail,2024-07-15
285,Nour Youssef,Female,1980-01-07,Giza,Business Owner,79299,Retail,2021-04-28
286,Dina Mona,Female,1975-10-27,Assiut,Doctor,74370,Retail,2016-07-27
287,Mohamed Omar,Female,1965-09-24,Giza,Retired,19333,Retail,2024-05-28
288,Mona Ahmed,Female,1964-06-20,Mansoura,Retired,20999,Retail,2020-07-02
289,Hassan Fatma,Female,1974-06-18,Cairo,Doctor,58301,Retail,2023-08-29
290,Youssef Mostafa,Male,1999-05-26,Mansoura,Sales Representative,7204,Retail,2022-12-25
291,Sara Omar,Male,2000-03-24,Cairo,Customer Service,11188,Retail,2018-06-16
292,Mahmoud Youssef,Male,1988-06-25,Mansoura,Accountant,18349,Retail,2020-01-13
293,Ahmed Youssef,Female,1995-09-17,Tanta,Branch Officer,18384,Retail,2016-01-17
294,Ahmed Amr,Female,1998-10-26,Mansoura,Engineer,12311,Retail,2023-09-27
295,Fatma Aya,Male,1965-12-18,Assiut,Retired,15954,Retail,2019-04-09
296,Salma Mahmoud,Male,1970-03-09,Giza,Consultant,47590,Retail,2019-11-16
297,Sara Mostafa,Male,1977-07-10,Assiut,Doctor,35041,Retail,2022-01-04
298,Omar Mahmoud,Female,1991-10-20,Cairo,Teacher,30003,Retail,2019-06-09
299,Mona Yasmin,Male,1981-10-13,Alexandria,Accountant,29425,Retail,2018-08-06
300,Hassan Nour,Female,1998-12-07,Alexandria,Customer Service,11147,Retail,2023-03-30
301,Nour Mostafa,Female,2000-08-19,Alexandria,Sales Representative,11339,Retail,2016-04-11
302,Heba Ibrahim,Female,1996-04-19,Alexandria,Sales Representative,6440,Retail,2024-04-27
303,Mahmoud Amr,Male,1964-07-22,Alexandria,Retired,24361,Retail,2022-05-21
304,Heba Laila,Female,1969-12-14,Tanta,Doctor,34847,Retail,2019-06-30
305,Mohamed Sara,Male,1994-09-28,Cairo,Branch Officer,32814,Retail,2023-08-16
306,Laila Mohamed,Female,1975-11-22,Alexandria,Consultant,40901,Retail,2023-12-06
307,Khaled Aya,Male,1987-02-01,Mansoura,Engineer,23478,Retail,2019-03-13
308,Mahmoud Sara,Male,1985-08-25,Mansoura,IT Specialist,31399,Retail,2016-03-04
309,Mahmoud Sara,Female,1978-07-03,Alexandria,Senior Manager,77851,Retail,2020-02-09
310,Omar Heba,Female,1973-09-16,Alexandria,Consultant,61205,Retail,2015-10-03
311,Mona Omar,Male,1979-01-26,Assiut,Senior Manager,31480,Retail,2017-09-26
312,Dina Yasmin,Female,1993-03-18,Giza,Teacher,25845,Retail,2023-12-12
313,Nour Ahmed,Male,1985-11-06,Mansoura,Teacher,29160,Retail,2021-08-22
314,Mostafa Youssef,Male,1987-07-01,Tanta,Teacher,21743,Retail,2017-02-04
315,Mostafa Salma,Female,1983-06-07,Tanta,Branch Officer,18734,Retail,2019-05-11
316,Sara Heba,Male,1999-07-19,Assiut,Junior Accountant,11700,Retail,2022-12-01
317,Mahmoud Mona,Male,1979-10-19,Giza,Senior Manager,74047,Retail,2018-06-04
318,Nour Yasmin,Male,1967-03-12,Tanta,Business Owner,63477,Retail,2019-04-21
319,Dina Hassan,Female,1987-03-16,Alexandria,IT Specialist,20676,Retail,2016-07-28
320,Mohamed Sara,Male,1971-06-27,Mansoura,Doctor,70593,Retail,2016-07-13
321,Salma Yasmin,Female,1972-07-18,Mansoura,Doctor,56813,Retail,2016-11-16
322,Amr Mohamed,Female,1965-10-01,Giza,Retired,15226,Retail,2021-01-11
323,Salma Dina,Male,1978-03-25,Tanta,Doctor,67070,Retail,2016-04-12
324,Mohamed Heba,Male,1977-09-27,Mansoura,Consultant,65523,Retail,2016-02-24
325,Mostafa Sara,Male,1975-05-28,Mansoura,Senior Manager,59473,Retail,2016-04-25
326,Laila Yasmin,Male,1975-04-26,Tanta,Consultant,76579,Retail,2016-07-24
327,Sara Dina,Female,1973-04-26,Tanta,Senior Manager,67360,Retail,2021-01-15
328,Fatma Mostafa,Male,1970-06-23,Giza,Consultant,48961,Retail,2023-05-31
329,Khaled Mahmoud,Female,1986-01-09,Giza,Teacher,19348,Retail,2023-07-16
330,Yasmin Nour,Female,1985-08-05,Cairo,IT Specialist,23805,Retail,2022-02-08
331,Sara Heba,Female,1965-07-17,Alexandria,Retired,17116,Retail,2021-07-11
332,Sara Youssef,Female,1960-12-03,Giza,Retired,23022,Retail,2019-10-26
333,Mona Dina,Male,1973-08-09,Tanta,Consultant,48585,Retail,2024-07-23
334,Omar Heba,Male,1991-06-22,Cairo,Engineer,16505,Retail,2016-10-09
335,Mahmoud Amr,Male,1988-08-01,Alexandria,Branch Officer,21629,Retail,2016-01-18
336,Mohamed Nour,Female,1983-05-03,Assiut,Accountant,20423,Retail,2022-11-04
337,Omar Ahmed,Male,1974-07-21,Mansoura,Senior Manager,76117,Retail,2015-11-16
338,Ahmed Mona,Male,1968-10-08,Mansoura,Doctor,30608,Retail,2022-10-13
339,Youssef Omar,Male,1968-08-03,Alexandria,Business Owner,55104,Retail,2019-02-14
340,Mahmoud Youssef,Male,1979-03-13,Tanta,Business Owner,72046,Retail,2022-04-16
341,Mahmoud Yasmin,Female,1970-08-12,Giza,Business Owner,71161,Retail,2015-12-22
342,Nour Sara,Female,1966-03-25,Alexandria,Senior Manager,68638,Retail,2023-11-15
343,Dina Laila,Female,1968-04-09,Assiut,Senior Manager,46263,Retail,2015-04-20
344,Nour Amr,Male,1979-04-17,Giza,Business Owner,79010,Retail,2020-07-20
345,Youssef Aya,Male,1984-02-08,Alexandria,Branch Officer,34461,Retail,2018-07-20
346,Dina Hassan,Female,1968-07-28,Cairo,Doctor,53947,Retail,2015-03-10
347,Mohamed Mohamed,Female,1997-02-01,Tanta,Engineer,9534,Retail,2018-03-19
348,Nour Youssef,Male,2000-12-17,Alexandria,Customer Service,12939,Retail,2015-12-09
349,Dina Mona,Female,1979-02-17,Tanta,Business Owner,40182,Retail,2022-02-11
350,Khaled Mohamed,Male,1964-05-23,Cairo,Retired,22335,Retail,2019-11-15
351,Hassan Omar,Male,1967-08-20,Assiut,Senior Manager,50269,Retail,2016-07-16
352,Aya Aya,Female,1960-03-16,Giza,Retired,19360,Retail,2019-03-04
353,Omar Ahmed,Female,1968-12-25,Mansoura,Consultant,78033,Retail,2018-01-19
354,Salma Heba,Female,1993-02-09,Cairo,IT Specialist,17525,Retail,2020-08-08
355,Omar Fatma,Male,1996-03-12,Giza,Sales Representative,10179,Retail,2023-04-23
356,Mohamed Salma,Female,1992-01-02,Mansoura,Engineer,23013,Retail,2016-09-06
357,Mona Khaled,Female,1971-01-18,Assiut,Doctor,44713,Retail,2018-08-03
358,Aya Mohamed,Male,1977-02-19,Giza,Consultant,37825,Retail,2024-01-08
359,Amr Amr,Female,1993-01-13,Cairo,Engineer,30240,Retail,2021-03-15
360,Fatma Amr,Male,1989-01-12,Mansoura,Teacher,24554,Retail,2019-02-17
361,Khaled Mahmoud,Male,1997-08-25,Mansoura,Sales Representative,14954,Retail,2015-04-08
362,Ahmed Nour,Female,1974-09-12,Cairo,Senior Manager,51955,Retail,2017-04-20
363,Mahmoud Mostafa,Male,1993-04-14,Cairo,Branch Officer,16962,Retail,2017-08-06
364,Youssef Fatma,Male,1993-07-23,Tanta,Accountant,30022,Retail,2016-06-30
365,Mahmoud Khaled,Female,2000-07-03,Alexandria,Junior Accountant,13126,Retail,2024-07-17
366,Heba Mostafa,Male,1980-07-23,Cairo,Consultant,50844,Retail,2017-04-10
367,Hassan Heba,Female,1968-10-04,Alexandria,Business Owner,36924,Retail,2019-07-24
368,Amr Heba,Female,1967-09-12,Cairo,Business Owner,59616,Retail,2016-01-06
369,Mona Mahmoud,Male,1970-11-10,Assiut,Senior Manager,44091,Retail,2017-10-13
370,Mostafa Hassan,Male,1982-07-17,Mansoura,Engineer,24792,Retail,2024-08-01
371,Omar Heba,Male,1988-09-24,Giza,IT Specialist,23187,Retail,2016-05-12
372,Mahmoud Ibrahim,Female,1960-01-27,Alexandria,Retired,15283,Retail,2022-09-12
373,Ahmed Youssef,Male,2000-11-03,Assiut,Engineer,7228,Retail,2019-12-22
374,Mohamed Heba,Male,1968-02-28,Giza,Consultant,38029,Retail,2021-06-08
375,Nour Yasmin,Male,1987-12-13,Alexandria,Branch Officer,15966,Retail,2017-05-29
376,Mohamed Laila,Male,1971-05-09,Assiut,Doctor,39740,Retail,2018-04-23
377,Youssef Mostafa,Female,1991-07-18,Giza,Branch Officer,16998,Retail,2019-09-14
378,Dina Ahmed,Female,1972-11-26,Assiut,Business Owner,71337,Retail,2019-01-10
379,Fatma Aya,Female,1990-09-26,Mansoura,Branch Officer,26273,Retail,2018-01-12
380,Mostafa Mohamed,Female,1971-01-11,Tanta,Business Owner,31920,Retail,2019-01-04
381,Khaled Mostafa,Male,1997-04-06,Giza,Junior Accountant,10060,Retail,2021-06-16
382,Khaled Fatma,Female,1984-06-27,Assiut,Teacher,20770,Retail,2022-10-28
383,Fatma Mahmoud,Male,1982-10-01,Mansoura,Accountant,33600,Retail,2021-01-29
384,Mohamed Khaled,Male,1979-03-16,Cairo,Senior Manager,35915,Retail,2020-11-26
385,Mahmoud Mona,Male,1990-01-11,Alexandria,IT Specialist,21601,Retail,2015-09-01
386,Omar Aya,Female,1961-03-19,Cairo,Retired,12641,Retail,2019-03-11
387,Mona Mahmoud,Male,1985-10-04,Assiut,Accountant,24888,Retail,2019-11-25
388,Dina Laila,Female,2000-08-21,Giza,Engineer,8854,Retail,2022-06-19
389,Mahmoud Hassan,Male,1997-03-13,Assiut,Engineer,10825,Retail,2021-06-04
390,Mona Laila,Male,1985-10-02,Assiut,Teacher,34739,Retail,2021-05-05
391,Youssef Khaled,Female,1966-08-05,Alexandria,Consultant,78846,Retail,2016-11-18
392,Ahmed Mostafa,Male,2000-02-27,Giza,Engineer,13317,Retail,2022-10-10
393,Ahmed Mohamed,Female,1964-06-09,Mansoura,Retired,11540,Retail,2023-03-20
394,Sara Dina,Female,1986-03-14,Cairo,Branch Officer,27409,Retail,2024-04-17
395,Heba Youssef,Male,1990-10-21,Alexandria,Teacher,20329,Retail,2015-03-24
396,Hassan Nour,Male,1980-05-04,Assiut,Senior Manager,52400,Retail,2015-11-04
397,Ahmed Yasmin,Male,1995-02-11,Tanta,IT Specialist,30818,Retail,2019-11-14
398,Ibrahim Yasmin,Female,1970-01-04,Assiut,Consultant,43470,Retail,2018-02-27
399,Fatma Dina,Female,1979-04-04,Giza,Senior Manager,55749,Retail,2015-08-12
400,Laila Salma,Male,1983-01-14,Cairo,Engineer,24651,Retail,2015-04-16
401,Salma Omar,Female,1973-03-21,Mansoura,Consultant,35369,Retail,2020-04-12
402,Nour Hassan,Female,1991-11-09,Mansoura,Engineer,32829,Retail,2019-02-22
403,Heba Mostafa,Male,1971-08-02,Alexandria,Consultant,58818,Retail,2021-04-30
404,Youssef Sara,Female,1963-03-25,Tanta,Retired,11168,Retail,2017-07-20
405,Yasmin Dina,Female,1995-01-27,Tanta,Branch Officer,32123,Retail,2017-08-23
406,Aya Fatma,Male,1990-05-03,Cairo,Branch Officer,16137,Retail,2023-06-29
407,Mahmoud Mohamed,Female,1988-03-06,Cairo,Teacher,21315,Retail,2022-08-30
408,Mostafa Mona,Male,1987-04-27,Cairo,Teacher,34498,Retail,2019-05-09
409,Aya Heba,Male,1995-07-18,Assiut,Accountant,24050,Retail,2021-12-27
410,Yasmin Mahmoud,Male,1997-09-26,Tanta,Customer Service,7843,Retail,2021-08-05
411,Dina Sara,Female,1997-02-04,Alexandria,Junior Accountant,10687,Retail,2019-04-18
412,Hassan Mostafa,Female,1991-10-20,Giza,Branch Officer,16227,Retail,2021-12-07
413,Nour Mona,Male,1998-11-23,Cairo,Customer Service,6635,Retail,2023-05-13
414,Amr Amr,Female,1990-05-12,Mansoura,Engineer,26071,Retail,2022-10-22
415,Heba Mona,Female,1966-04-05,Assiut,Consultant,78740,Retail,2019-09-04
416,Ibrahim Yasmin,Female,1998-11-03,Tanta,Sales Representative,13237,Retail,2019-03-12
417,Youssef Amr,Female,1963-09-26,Giza,Retired,13209,Retail,2023-10-02
418,Ibrahim Mohamed,Male,1993-10-01,Cairo,Teacher,21316,Retail,2020-02-13
419,Mostafa Sara,Female,1963-06-23,Tanta,Retired,14524,Retail,2019-06-14
420,Sara Salma,Female,2000-02-22,Giza,Junior Accountant,9963,Retail,2020-04-27
421,Mostafa Youssef,Female,1997-09-12,Cairo,Engineer,8679,Retail,2019-05-03
422,Khaled Khaled,Male,1963-03-28,Alexandria,Retired,15022,Retail,2022-04-22
423,Mahmoud Hassan,Male,1986-09-01,Giza,Engineer,30535,Retail,2017-10-30
424,Nour Sara,Female,1998-05-23,Alexandria,Engineer,12943,Retail,2017-06-12
425,Fatma Omar,Male,1989-05-22,Tanta,IT Specialist,28013,Retail,2022-06-06
426,Amr Amr,Male,1983-09-21,Mansoura,IT Specialist,34957,Retail,2015-09-19
427,Mostafa Amr,Male,1981-05-21,Giza,Accountant,24072,Retail,2020-10-19
428,Mona Mahmoud,Male,1975-01-26,Assiut,Doctor,73288,Retail,2020-07-30
429,Mohamed Fatma,Male,1978-05-14,Alexandria,Doctor,55445,Retail,2023-02-23
430,Sara Aya,Female,1974-11-18,Giza,Doctor,74031,Retail,2024-06-05
431,Mahmoud Mostafa,Male,1995-03-10,Assiut,Engineer,30426,Retail,2018-10-06
432,Amr Yasmin,Female,1965-04-12,Alexandria,Retired,15318,Retail,2017-12-03
433,Mohamed Fatma,Male,1997-05-15,Mansoura,Junior Accountant,13709,Retail,2017-03-07
434,Amr Yasmin,Male,1992-02-28,Giza,Branch Officer,32361,Retail,2016-07-16
435,Mona Hassan,Male,1972-06-14,Mansoura,Doctor,39386,Retail,2018-09-24
436,Heba Mostafa,Male,2000-03-11,Giza,Junior Accountant,6077,Retail,2021-06-18
437,Laila Yasmin,Female,1970-08-26,Mansoura,Senior Manager,38480,Retail,2019-10-24
438,Ibrahim Sara,Male,1990-07-01,Alexandria,Engineer,32490,Retail,2023-06-28
439,Khaled Sara,Female,1993-04-01,Giza,Engineer,23153,Retail,2016-02-25
440,Youssef Mohamed,Female,1984-09-19,Alexandria,Accountant,20472,Retail,2020-02-11
441,Mahmoud Mona,Female,1993-10-17,Alexandria,Accountant,29210,Retail,2023-05-31
442,Khaled Khaled,Male,1972-03-26,Giza,Doctor,31253,Retail,2023-03-26
443,Omar Sara,Male,1961-10-17,Mansoura,Retired,13537,Retail,2022-03-07
444,Mohamed Omar,Male,1976-09-20,Cairo,Senior Manager,68923,Retail,2022-09-26
445,Dina Mostafa,Female,1967-07-15,Assiut,Doctor,38099,Retail,2016-09-19
446,Yasmin Omar,Female,1973-12-22,Tanta,Senior Manager,49733,Retail,2021-10-16
447,Laila Omar,Female,1968-07-27,Cairo,Senior Manager,63527,Retail,2023-10-20
448,Aya Ibrahim,Female,1966-08-07,Assiut,Business Owner,47235,Retail,2019-08-06
449,Salma Mona,Male,1978-03-02,Cairo,Doctor,43611,Retail,2015-02-22
450,Mahmoud Youssef,Male,1965-02-27,Assiut,Retired,24190,Retail,2023-02-11
451,Amr Mostafa,Female,1966-05-21,Cairo,Business Owner,59933,Retail,2016-02-13
452,Mona Yasmin,Male,1971-01-28,Cairo,Consultant,53607,Retail,2024-07-18
453,Hassan Mona,Female,1962-01-28,Mansoura,Retired,12534,Retail,2021-12-21
454,Hassan Omar,Female,1977-12-03,Mansoura,Consultant,52460,Retail,2020-02-13
455,Hassan Omar,Male,1977-07-23,Assiut,Doctor,57639,Retail,2023-02-23
456,Fatma Salma,Female,1963-03-04,Giza,Retired,21632,Retail,2021-11-08
457,Salma Salma,Male,1984-06-20,Mansoura,Engineer,19281,Retail,2019-12-11
458,Ahmed Aya,Male,1962-02-09,Assiut,Retired,18296,Retail,2018-10-17
459,Yasmin Khaled,Female,1993-09-23,Alexandria,IT Specialist,18120,Retail,2022-06-11
460,Ahmed Hassan,Female,1984-03-27,Mansoura,IT Specialist,16788,Retail,2016-11-08
461,Mona Mostafa,Male,1964-08-11,Tanta,Retired,15893,Retail,2017-07-01
462,Youssef Heba,Female,1995-11-13,Tanta,Branch Officer,22700,Retail,2020-01-10
463,Omar Salma,Male,1965-08-15,Cairo,Retired,18356,Retail,2019-07-11
464,Youssef Laila,Female,1986-01-18,Tanta,IT Specialist,15005,Retail,2021-04-22
465,Sara Mohamed,Male,1973-11-22,Mansoura,Doctor,52338,Retail,2018-09-21
466,Heba Omar,Male,1995-10-20,Assiut,Branch Officer,26904,Retail,2017-06-27
467,Dina Aya,Female,1960-06-12,Assiut,Retired,17567,Retail,2016-03-11
468,Yasmin Omar,Female,1962-03-16,Tanta,Retired,12602,Retail,2017-03-13
469,Heba Ibrahim,Female,1972-02-28,Cairo,Doctor,44128,Retail,2023-06-29
470,Heba Heba,Male,1986-01-21,Mansoura,IT Specialist,19037,Retail,2015-01-18
471,Fatma Salma,Male,1993-12-02,Assiut,IT Specialist,29182,Retail,2021-06-27
472,Nour Laila,Female,1971-12-27,Tanta,Business Owner,36786,Retail,2019-04-25
473,Nour Mona,Female,1986-10-23,Mansoura,Teacher,23965,Retail,2024-01-10
474,Dina Mona,Male,1968-03-14,Giza,Consultant,75973,Retail,2017-05-08
475,Hassan Aya,Female,1999-12-10,Assiut,Engineer,8173,Retail,2016-04-17
476,Yasmin Dina,Female,1982-09-16,Mansoura,IT Specialist,33698,Retail,2024-01-24
477,Nour Mahmoud,Male,1960-09-04,Assiut,Retired,8828,Retail,2015-08-20
478,Mostafa Mahmoud,Male,1972-05-25,Assiut,Business Owner,48783,Retail,2023-10-18
479,Heba Omar,Male,1978-04-25,Assiut,Senior Manager,53506,Retail,2022-04-04
480,Mohamed Nour,Female,1995-07-08,Mansoura,IT Specialist,24425,Retail,2023-11-03
481,Mostafa Ibrahim,Female,1980-09-02,Giza,Senior Manager,78737,Retail,2022-02-08
482,Ibrahim Amr,Female,1983-10-18,Giza,IT Specialist,21437,Retail,2022-08-28
483,Omar Nour,Male,1964-03-06,Mansoura,Retired,24837,Retail,2018-02-17
484,Mostafa Ahmed,Female,1995-05-05,Mansoura,Teacher,34136,Retail,2022-12-16
485,Mohamed Laila,Female,1969-01-05,Mansoura,Consultant,69117,Retail,2023-11-10
486,Aya Khaled,Male,1996-09-12,Tanta,Junior Accountant,11207,Retail,2015-10-07
487,Nour Youssef,Female,1992-03-14,Giza,IT Specialist,32597,Retail,2017-05-23
488,Laila Aya,Female,1981-06-12,Tanta,Accountant,22158,Retail,2024-03-27
489,Heba Khaled,Male,1960-02-22,Cairo,Retired,19337,Retail,2022-08-27
490,Mostafa Dina,Female,1980-07-26,Cairo,Senior Manager,55288,Retail,2020-10-18
491,Salma Mohamed,Female,1983-09-26,Assiut,IT Specialist,29600,Retail,2017-02-27
492,Dina Dina,Male,1980-09-03,Assiut,Senior Manager,40970,Retail,2015-09-26
493,Yasmin Omar,Male,1973-11-21,Tanta,Business Owner,74918,Retail,2024-04-17
494,Ahmed Heba,Female,1987-11-27,Cairo,Engineer,20038,Retail,2015-12-25
495,Dina Youssef,Male,1964-01-06,Alexandria,Retired,16254,Retail,2019-07-28
496,Mona Ahmed,Female,1984-08-21,Assiut,Branch Officer,29189,Retail,2016-04-29
497,Fatma Mohamed,Male,1994-01-21,Alexandria,IT Specialist,17072,Retail,2020-08-21
498,Youssef Amr,Female,1966-05-26,Mansoura,Consultant,69751,Retail,2019-06-07
499,Mahmoud Nour,Female,1961-08-06,Assiut,Retired,15204,Retail,2016-08-13
500,Dina Dina,Male,1979-11-26,Cairo,Consultant,30730,Retail,2015-06-21
501,Dina Dina,Male,1960-10-20,Alexandria,Retired,20913,Retail,2017-05-10
502,Hassan Hassan,Male,1982-04-14,Tanta,IT Specialist,19667,Retail,2024-05-12
503,Fatma Mohamed,Female,1976-04-04,Assiut,Business Owner,73973,Retail,2021-03-01
504,Mostafa Omar,Male,1964-05-22,Assiut,Retired,10207,Retail,2021-07-06
505,Omar Amr,Male,1991-06-12,Giza,Teacher,22685,Retail,2018-07-25
506,Fatma Mahmoud,Female,1991-08-11,Alexandria,IT Specialist,25016,Retail,2019-10-21
507,Yasmin Mostafa,Female,1970-01-11,Giza,Business Owner,44517,Retail,2022-08-15
508,Amr Salma,Male,1981-08-15,Giza,Branch Officer,26755,Retail,2022-03-29
509,Dina Ibrahim,Female,1998-02-27,Assiut,Engineer,8293,Retail,2022-01-10
510,Aya Ahmed,Female,1964-12-03,Tanta,Retired,8610,Retail,2017-05-21
511,Mahmoud Sara,Female,1962-09-09,Giza,Retired,23469,Retail,2023-08-29
512,Heba Aya,Male,1997-12-28,Mansoura,Engineer,8193,Retail,2019-01-30
513,Aya Mahmoud,Female,1992-01-22,Giza,Teacher,20434,Retail,2017-01-03
514,Sara Mohamed,Male,1996-10-22,Mansoura,Sales Representative,13921,Retail,2017-08-07
515,Mohamed Ibrahim,Female,1964-05-12,Mansoura,Retired,15668,Retail,2020-04-07
516,Aya Mostafa,Female,1989-01-02,Tanta,Accountant,18382,Retail,2021-02-07
517,Fatma Youssef,Female,1996-03-13,Mansoura,Customer Service,11985,Retail,2017-07-01
518,Salma Laila,Male,1993-07-12,Tanta,Accountant,30953,Retail,2016-07-23
519,Mostafa Ibrahim,Male,1988-03-08,Giza,Engineer,31860,Retail,2016-10-06
520,Yasmin Mona,Male,1983-10-23,Mansoura,Engineer,22547,Retail,2022-07-28
521,Yasmin Ahmed,Male,1990-08-07,Cairo,IT Specialist,20283,Retail,2016-06-07
522,Mohamed Fatma,Male,1996-10-06,Cairo,Sales Representative,14399,Retail,2016-11-12
523,Fatma Ahmed,Female,1976-03-17,Cairo,Doctor,69279,Retail,2017-06-06
524,Khaled Yasmin,Male,1988-10-16,Tanta,Branch Officer,20589,Retail,2024-03-14
525,Mona Heba,Male,1971-10-22,Giza,Consultant,40991,Retail,2019-03-30
526,Aya Aya,Female,1984-03-04,Giza,Engineer,21630,Retail,2021-10-16
527,Aya Omar,Male,1966-03-16,Mansoura,Senior Manager,64827,Retail,2022-05-24
528,Yasmin Aya,Female,1968-10-18,Alexandria,Senior Manager,74470,Retail,2015-06-27
529,Sara Fatma,Male,1993-07-08,Mansoura,Branch Officer,27492,Retail,2016-07-02
530,Amr Laila,Female,1976-08-25,Alexandria,Business Owner,35493,Retail,2017-02-13
531,Fatma Aya,Male,1960-12-24,Tanta,Retired,8233,Retail,2015-01-30
532,Sara Omar,Male,1984-11-07,Mansoura,Accountant,28397,Retail,2022-04-22
533,Laila Mostafa,Female,1997-05-09,Giza,Customer Service,11990,Retail,2019-08-20
534,Dina Dina,Female,1995-09-16,Alexandria,Teacher,27131,Retail,2018-06-10
535,Omar Khaled,Female,1996-06-25,Assiut,Customer Service,8262,Retail,2016-10-24
536,Dina Laila,Male,1966-04-17,Giza,Doctor,52179,Retail,2019-05-13
537,Salma Laila,Female,2000-01-26,Cairo,Junior Accountant,8381,Retail,2015-09-20
538,Mohamed Nour,Female,1976-04-12,Tanta,Senior Manager,69913,Retail,2022-05-11
539,Hassan Salma,Female,1993-05-23,Cairo,IT Specialist,16882,Retail,2017-04-06
540,Aya Aya,Male,1993-05-07,Tanta,Engineer,34644,Retail,2016-11-25
541,Hassan Youssef,Female,1962-06-08,Mansoura,Retired,8009,Retail,2018-12-17
542,Ahmed Youssef,Male,1985-07-19,Tanta,Teacher,31965,Retail,2018-03-11
543,Khaled Laila,Male,1995-10-12,Mansoura,Accountant,24060,Retail,2019-07-13
544,Aya Omar,Male,1996-01-09,Tanta,Sales Representative,12670,Retail,2018-04-20
545,Dina Fatma,Female,1981-02-26,Assiut,IT Specialist,23444,Retail,2019-12-19
546,Heba Heba,Male,1984-10-16,Mansoura,Teacher,26130,Retail,2016-04-21
547,Khaled Mona,Female,1976-02-13,Alexandria,Business Owner,74362,Retail,2020-10-16
548,Amr Youssef,Female,1994-01-23,Assiut,Accountant,23134,Retail,2023-05-26
549,Mona Sara,Male,1981-02-18,Tanta,Teacher,30615,Retail,2018-01-07
550,Ibrahim Khaled,Male,1971-12-22,Alexandria,Business Owner,62702,Retail,2017-04-26
551,Sara Mahmoud,Male,1974-04-27,Cairo,Business Owner,70540,Retail,2015-11-18
552,Salma Sara,Female,1991-10-01,Mansoura,IT Specialist,16384,Retail,2021-06-11
553,Khaled Fatma,Male,1977-08-06,Cairo,Consultant,56075,Retail,2020-11-23
554,Sara Nour,Male,1987-08-18,Mansoura,Engineer,31465,Retail,2016-05-08
555,Ibrahim Nour,Male,1993-08-11,Alexandria,Engineer,15387,Retail,2019-01-21
556,Mostafa Salma,Female,1999-05-06,Alexandria,Engineer,9885,Retail,2017-01-23
557,Sara Nour,Female,1991-07-07,Mansoura,Branch Officer,27199,Retail,2017-01-06
558,Mostafa Khaled,Female,1996-03-19,Mansoura,Sales Representative,7636,Retail,2017-03-14
559,Hassan Yasmin,Female,1969-12-05,Giza,Doctor,30638,Retail,2024-07-11
560,Amr Mostafa,Male,2000-09-18,Mansoura,Engineer,13972,Retail,2016-02-10
561,Omar Heba,Female,1970-01-07,Alexandria,Consultant,61230,Retail,2019-01-18
562,Ahmed Yasmin,Male,1983-09-18,Alexandria,Accountant,26276,Retail,2022-08-15
563,Sara Mona,Female,1998-04-19,Assiut,Sales Representative,10663,Retail,2020-01-05
564,Heba Mahmoud,Male,1965-07-20,Assiut,Retired,17388,Retail,2024-01-22
565,Nour Youssef,Male,1981-07-21,Giza,IT Specialist,33731,Retail,2018-11-08
566,Mostafa Laila,Female,1974-06-11,Alexandria,Consultant,76558,Retail,2019-12-28
567,Yasmin Hassan,Male,1983-12-19,Cairo,IT Specialist,29755,Retail,2016-05-27
568,Hassan Nour,Male,1975-11-09,Cairo,Senior Manager,43800,Retail,2015-09-19
569,Aya Youssef,Male,1990-09-02,Alexandria,Engineer,28009,Retail,2021-12-06
570,Khaled Khaled,Female,1969-02-21,Mansoura,Doctor,50274,Retail,2022-01-10
571,Mohamed Sara,Female,1968-03-17,Mansoura,Business Owner,31872,Retail,2020-03-28
572,Dina Hassan,Female,1994-05-18,Assiut,Branch Officer,19427,Retail,2023-05-26
573,Salma Dina,Male,2000-10-14,Cairo,Engineer,11688,Retail,2019-12-15
574,Amr Ahmed,Male,1979-06-14,Tanta,Consultant,40205,Retail,2024-02-22
575,Ahmed Salma,Female,1968-06-10,Alexandria,Doctor,65068,Retail,2015-02-07
576,Dina Sara,Male,1987-05-20,Mansoura,Teacher,15236,Retail,2021-04-15
577,Nour Khaled,Female,1987-07-08,Cairo,Teacher,27770,Retail,2019-09-26
578,Dina Mostafa,Female,2000-04-17,Giza,Engineer,10664,Retail,2024-07-27
579,Omar Heba,Female,1964-03-05,Alexandria,Retired,17489,Retail,2022-11-09
580,Mahmoud Mohamed,Male,1999-08-07,Giza,Engineer,6317,Retail,2016-02-23
581,Ahmed Khaled,Male,1978-05-05,Giza,Doctor,77651,Retail,2015-03-02
582,Salma Sara,Female,1991-04-11,Assiut,Branch Officer,25209,Retail,2023-11-16
583,Mohamed Mostafa,Female,1962-06-03,Cairo,Retired,12787,Retail,2021-02-02
584,Ahmed Omar,Male,1990-03-07,Mansoura,Accountant,27503,Retail,2023-08-25
585,Heba Omar,Male,1988-04-24,Mansoura,Engineer,21526,Retail,2019-05-13
586,Dina Aya,Male,1979-06-06,Alexandria,Senior Manager,78806,Retail,2020-05-25
587,Ibrahim Omar,Male,2000-05-07,Assiut,Engineer,6853,Retail,2019-11-14
588,Omar Nour,Male,1980-01-06,Cairo,Consultant,68318,Retail,2015-06-22
589,Youssef Khaled,Male,1997-12-16,Mansoura,Sales Representative,12084,Retail,2016-01-10
590,Sara Mahmoud,Male,1999-06-25,Giza,Junior Accountant,6979,Retail,2020-06-21
591,Ibrahim Ahmed,Female,1974-06-18,Alexandria,Consultant,58751,Retail,2023-02-15
592,Heba Dina,Female,1968-05-02,Tanta,Doctor,76309,Retail,2022-10-26
593,Sara Mona,Female,1991-04-19,Alexandria,Teacher,32813,Retail,2024-04-28
594,Mahmoud Heba,Female,1998-09-06,Alexandria,Junior Accountant,14702,Retail,2021-01-27
595,Hassan Ahmed,Female,1983-08-01,Tanta,IT Specialist,27420,Retail,2017-09-05
596,Aya Salma,Male,1980-12-03,Tanta,Doctor,42443,Retail,2018-03-05
597,Omar Aya,Male,1980-07-21,Cairo,Consultant,37239,Retail,2024-05-13
598,Omar Salma,Male,1968-03-28,Cairo,Senior Manager,43243,Retail,2015-05-11
599,Aya Laila,Female,1996-11-27,Cairo,Customer Service,14026,Retail,2019-02-09
600,Ibrahim Salma,Male,1974-10-23,Mansoura,Senior Manager,30857,Retail,2023-12-25
601,Mohamed Laila,Female,2000-01-12,Tanta,Customer Service,15659,Mass,2015-06-16
602,Aya Omar,Male,1964-05-03,Assiut,Retired,19596,Mass,2017-08-04
603,Khaled Fatma,Male,1994-07-07,Tanta,Teacher,41914,Mass,2023-05-27
604,Sara Heba,Female,1995-07-24,Cairo,Engineer,44059,Mass,2016-11-14
605,Hassan Dina,Female,1971-09-13,Alexandria,Consultant,95019,Mass,2018-07-14
606,Yasmin Mona,Male,1995-06-28,Tanta,Accountant,37064,Mass,2021-02-12
607,Heba Heba,Female,1973-07-25,Cairo,Consultant,69670,Mass,2023-02-22
608,Aya Mahmoud,Female,1962-05-20,Cairo,Retired,11094,Mass,2018-05-15
609,Mostafa Dina,Male,1974-04-28,Cairo,Consultant,40848,Mass,2015-06-04
610,Sara Fatma,Male,1989-06-05,Giza,Teacher,30787,Mass,2017-11-15
611,Ibrahim Youssef,Female,1979-02-19,Mansoura,Doctor,87482,Mass,2016-12-09
612,Laila Amr,Male,1991-12-23,Assiut,IT Specialist,23561,Mass,2024-01-24
613,Sara Yasmin,Female,1996-07-03,Cairo,Junior Accountant,14921,Mass,2023-08-22
614,Nour Mohamed,Female,1974-12-21,Tanta,Senior Manager,93004,Mass,2015-06-18
615,Aya Khaled,Male,1980-09-19,Cairo,Business Owner,66844,Mass,2022-07-22
616,Aya Youssef,Male,1985-08-25,Mansoura,IT Specialist,44003,Mass,2018-04-01
617,Salma Fatma,Male,1985-03-05,Tanta,Accountant,23015,Mass,2019-06-24
618,Mahmoud Mahmoud,Female,1976-02-13,Tanta,Doctor,98455,Mass,2017-03-22
619,Dina Laila,Male,1991-07-21,Giza,IT Specialist,27852,Mass,2015-10-21
620,Yasmin Yasmin,Female,1977-07-11,Alexandria,Senior Manager,48586,Mass,2017-02-19
621,Hassan Sara,Female,1980-06-20,Tanta,Senior Manager,64968,Mass,2016-08-20
622,Sara Mahmoud,Male,1988-01-27,Cairo,Teacher,28005,Mass,2023-04-18
623,Amr Ahmed,Female,1963-04-20,Assiut,Retired,16690,Mass,2024-01-08
624,Mona Ibrahim,Male,1967-05-15,Giza,Doctor,40937,Mass,2021-02-16
625,Ahmed Nour,Male,1993-05-18,Alexandria,Branch Officer,25520,Mass,2016-11-28
626,Mohamed Heba,Male,1963-05-07,Cairo,Retired,21955,Mass,2019-05-11
627,Ahmed Amr,Female,1977-11-28,Giza,Consultant,48191,Mass,2019-04-09
628,Laila Dina,Male,1992-12-04,Giza,Accountant,40145,Mass,2017-03-25
629,Khaled Aya,Female,1992-08-18,Alexandria,Engineer,21192,Mass,2020-06-29
630,Sara Sara,Female,1985-12-06,Giza,Engineer,34271,Mass,2020-08-15
631,Ahmed Dina,Female,1977-01-21,Giza,Consultant,71984,Mass,2016-09-13
632,Nour Aya,Male,1981-07-22,Mansoura,Teacher,23238,Mass,2017-09-11
633,Heba Dina,Male,1996-03-14,Giza,Engineer,14813,Mass,2022-04-26
634,Amr Aya,Male,1968-10-18,Mansoura,Business Owner,50766,Mass,2023-08-21
635,Youssef Dina,Male,1969-11-19,Giza,Business Owner,66049,Mass,2018-07-24
636,Yasmin Amr,Female,1969-12-01,Assiut,Consultant,74274,Mass,2024-03-19
637,Omar Mahmoud,Male,2000-12-09,Cairo,Sales Representative,11802,Mass,2023-07-20
638,Khaled Ahmed,Female,1999-10-09,Cairo,Sales Representative,12745,Mass,2022-09-19
639,Sara Hassan,Female,1990-03-17,Mansoura,IT Specialist,39468,Mass,2020-04-24
640,Yasmin Ahmed,Female,1968-03-07,Mansoura,Business Owner,41745,Mass,2017-06-30
641,Laila Salma,Female,1972-04-03,Mansoura,Business Owner,76424,Mass,2017-10-07
642,Nour Mona,Female,1987-07-25,Tanta,Engineer,45396,Mass,2023-04-30
643,Omar Heba,Female,1996-10-18,Cairo,Junior Accountant,18889,Mass,2017-10-03
644,Nour Aya,Male,1993-09-13,Giza,Engineer,43256,Mass,2018-04-07
645,Hassan Yasmin,Female,1988-07-10,Tanta,Accountant,39152,Mass,2015-08-12
646,Aya Omar,Male,1993-03-15,Tanta,Branch Officer,23351,Mass,2022-10-22
647,Heba Ahmed,Male,1994-03-13,Mansoura,Branch Officer,33278,Mass,2021-08-14
648,Hassan Omar,Male,1972-08-03,Cairo,Consultant,66609,Mass,2022-12-02
649,Nour Aya,Male,1988-11-12,Mansoura,Engineer,41813,Mass,2021-03-04
650,Fatma Mahmoud,Male,1984-01-25,Giza,Teacher,33777,Mass,2017-01-02
651,Heba Amr,Male,1963-07-10,Cairo,Retired,23584,Mass,2016-06-22
652,Heba Salma,Female,1972-01-20,Tanta,Consultant,40040,Mass,2024-01-21
653,Ibrahim Fatma,Female,1960-10-16,Mansoura,Retired,20532,Mass,2019-08-07
654,Khaled Dina,Female,1988-02-20,Tanta,IT Specialist,19779,Mass,2022-01-18
655,Mohamed Sara,Male,1995-04-02,Giza,Teacher,25815,Mass,2024-07-29
656,Mona Youssef,Male,1962-11-19,Cairo,Retired,23112,Mass,2019-09-04
657,Laila Fatma,Male,1971-03-22,Mansoura,Consultant,91062,Mass,2023-05-28
658,Mona Sara,Female,1997-06-02,Cairo,Junior Accountant,14173,Mass,2023-07-04
659,Mahmoud Omar,Female,1987-09-03,Alexandria,Accountant,39555,Mass,2020-11-28
660,Omar Fatma,Male,1986-09-07,Mansoura,Teacher,21977,Mass,2023-02-13
661,Mostafa Aya,Female,1998-12-10,Giza,Customer Service,14540,Mass,2021-11-21
662,Hassan Laila,Male,1996-08-17,Assiut,Customer Service,18289,Mass,2018-04-04
663,Omar Ibrahim,Female,1972-01-04,Mansoura,Senior Manager,78605,Mass,2015-07-06
664,Ibrahim Amr,Female,1981-06-18,Cairo,Teacher,19981,Mass,2018-06-14
665,Omar Mona,Female,1979-09-18,Mansoura,Consultant,39521,Mass,2023-02-15
666,Mona Mona,Female,1996-10-01,Mansoura,Sales Representative,11931,Mass,2023-12-10
667,Mahmoud Heba,Female,1962-11-05,Mansoura,Retired,30910,Mass,2023-10-17
668,Fatma Mona,Male,1986-12-02,Giza,IT Specialist,32250,Mass,2021-06-23
669,Ahmed Mona,Female,1981-06-03,Assiut,Teacher,31447,Mass,2020-12-28
670,Laila Omar,Female,1970-10-20,Assiut,Doctor,54964,Mass,2018-07-12
671,Salma Khaled,Female,1962-05-14,Mansoura,Retired,14097,Mass,2024-04-20
672,Omar Sara,Male,1979-04-17,Giza,Consultant,53909,Mass,2016-01-15
673,Mahmoud Ibrahim,Female,1988-09-01,Mansoura,Branch Officer,40800,Mass,2023-03-20
674,Omar Aya,Male,1993-05-25,Giza,Accountant,25603,Mass,2023-02-15
675,Ahmed Amr,Male,1962-08-13,Assiut,Retired,15333,Mass,2024-07-05
676,Omar Aya,Female,1998-02-11,Cairo,Customer Service,8781,Mass,2021-06-23
677,Ibrahim Amr,Female,1979-11-07,Tanta,Consultant,56085,Mass,2018-07-31
678,Hassan Mostafa,Male,1988-11-04,Cairo,Accountant,25859,Mass,2021-12-26
679,Sara Dina,Female,1995-09-04,Alexandria,Teacher,42610,Mass,2016-08-02
680,Amr Laila,Female,1978-10-08,Tanta,Business Owner,45068,Mass,2019-12-23
681,Mohamed Omar,Female,1963-03-01,Cairo,Retired,30452,Mass,2015-12-19
682,Heba Laila,Female,1987-07-06,Alexandria,IT Specialist,44749,Mass,2018-09-23
683,Heba Fatma,Male,1972-12-25,Cairo,Senior Manager,103386,Mass,2024-02-12
684,Salma Khaled,Male,1989-02-15,Giza,Accountant,39325,Mass,2021-12-01
685,Mona Mona,Female,1976-06-13,Mansoura,Business Owner,98603,Mass,2015-05-04
686,Salma Heba,Male,1964-08-04,Alexandria,Retired,25370,Mass,2023-08-12
687,Omar Nour,Male,1982-10-19,Alexandria,Teacher,41137,Mass,2021-03-27
688,Nour Fatma,Female,1964-05-18,Giza,Retired,30036,Mass,2021-12-18
689,Youssef Mona,Male,1975-09-06,Assiut,Doctor,71698,Mass,2021-08-17
690,Khaled Hassan,Male,1987-07-19,Assiut,Accountant,42695,Mass,2022-12-25
691,Dina Omar,Female,1996-08-04,Giza,Customer Service,14729,Mass,2018-06-15
692,Nour Mona,Female,1985-02-20,Assiut,Engineer,44905,Mass,2022-05-28
693,Fatma Ahmed,Male,1963-02-07,Assiut,Retired,16317,Mass,2016-09-03
694,Heba Ibrahim,Male,1988-09-10,Assiut,Branch Officer,44118,Mass,2018-07-20
695,Sara Youssef,Male,1979-10-26,Tanta,Consultant,76037,Mass,2020-09-21
696,Sara Dina,Male,1985-03-28,Cairo,Accountant,22158,Mass,2022-11-20
697,Khaled Yasmin,Female,1995-06-04,Assiut,Accountant,20827,Mass,2018-07-27
698,Ibrahim Hassan,Female,1984-07-13,Giza,Branch Officer,42720,Mass,2017-02-09
699,Mahmoud Amr,Male,1995-07-27,Giza,Accountant,37272,Mass,2015-02-17
700,Salma Yasmin,Male,1964-11-01,Cairo,Retired,16533,Mass,2016-07-16
701,Laila Hassan,Female,1986-08-26,Tanta,IT Specialist,37633,Mass,2019-10-04
702,Hassan Yasmin,Male,1995-08-13,Tanta,Accountant,29116,Mass,2020-08-02
703,Dina Fatma,Female,1975-12-17,Cairo,Consultant,74001,Mass,2015-06-05
704,Fatma Salma,Male,1996-08-23,Giza,Engineer,10210,Mass,2023-03-10
705,Aya Laila,Male,1993-05-15,Giza,IT Specialist,22831,Mass,2020-04-19
706,Fatma Amr,Male,2000-12-22,Alexandria,Junior Accountant,19284,Mass,2020-12-31
707,Salma Fatma,Female,1960-08-15,Mansoura,Retired,32237,Mass,2018-12-16
708,Laila Amr,Female,1978-05-06,Cairo,Senior Manager,98215,Mass,2022-01-21
709,Amr Laila,Male,1990-10-06,Alexandria,IT Specialist,21698,Mass,2020-06-08
710,Mostafa Mostafa,Male,1965-03-17,Tanta,Retired,13673,Mass,2018-02-24
711,Hassan Fatma,Male,1977-05-01,Assiut,Senior Manager,90443,Mass,2020-01-04
712,Hassan Aya,Male,1983-03-09,Alexandria,Teacher,40155,Mass,2015-12-12
713,Yasmin Nour,Male,1969-10-27,Assiut,Business Owner,81252,Mass,2019-12-08
714,Mostafa Omar,Male,2000-03-07,Giza,Engineer,8957,Mass,2020-03-15
715,Khaled Nour,Female,1985-08-10,Mansoura,Branch Officer,42183,Mass,2017-12-11
716,Amr Heba,Female,1969-09-28,Assiut,Doctor,40010,Mass,2018-07-17
717,Sara Yasmin,Female,1993-11-02,Alexandria,Engineer,42131,Mass,2018-01-12
718,Khaled Fatma,Male,1977-02-09,Tanta,Doctor,78284,Mass,2018-10-14
719,Ahmed Youssef,Male,1971-06-18,Mansoura,Senior Manager,96319,Mass,2016-02-05
720,Khaled Amr,Female,1993-02-22,Giza,Branch Officer,34473,Mass,2015-05-20
721,Laila Ibrahim,Male,1961-10-03,Assiut,Retired,12821,Mass,2016-05-06
722,Fatma Hassan,Male,1965-10-05,Assiut,Retired,26414,Mass,2017-01-24
723,Heba Mostafa,Female,1976-05-15,Assiut,Senior Manager,93421,Mass,2022-06-27
724,Mohamed Nour,Female,1980-05-06,Alexandria,Senior Manager,62623,Mass,2015-09-04
725,Salma Ibrahim,Female,1976-05-06,Giza,Doctor,44912,Mass,2022-03-28
726,Ibrahim Laila,Male,1991-02-05,Mansoura,IT Specialist,37870,Mass,2023-01-09
727,Fatma Mostafa,Female,1976-02-02,Cairo,Senior Manager,44998,Mass,2020-07-31
728,Nour Mostafa,Male,1969-11-21,Assiut,Senior Manager,42222,Mass,2018-09-12
729,Salma Yasmin,Female,1985-10-01,Assiut,IT Specialist,40401,Mass,2023-10-04
730,Nour Salma,Male,1964-09-08,Tanta,Retired,10540,Mass,2021-01-01
731,Mohamed Youssef,Female,1982-06-22,Tanta,Accountant,36565,Mass,2024-07-27
732,Ibrahim Hassan,Male,1981-02-27,Mansoura,Branch Officer,31851,Mass,2022-05-30
733,Sara Salma,Male,1972-05-23,Assiut,Doctor,48096,Mass,2019-11-29
734,Fatma Khaled,Female,1972-03-02,Mansoura,Business Owner,41160,Mass,2015-09-16
735,Heba Ahmed,Male,1994-11-10,Alexandria,Branch Officer,42244,Mass,2015-08-18
736,Ibrahim Aya,Female,1981-12-02,Assiut,Branch Officer,24533,Mass,2021-01-06
737,Mohamed Mahmoud,Female,1969-12-19,Assiut,Business Owner,45136,Mass,2015-03-20
738,Ahmed Hassan,Male,1990-10-02,Alexandria,Teacher,25060,Mass,2024-03-15
739,Youssef Omar,Male,1966-08-20,Mansoura,Business Owner,89354,Mass,2021-09-03
740,Mona Nour,Female,1999-04-03,Cairo,Sales Representative,16877,Mass,2022-09-03
741,Mohamed Fatma,Male,1996-09-05,Alexandria,Engineer,12340,Mass,2015-09-16
742,Sara Dina,Male,1967-05-05,Mansoura,Doctor,53316,Mass,2017-09-24
743,Hassan Ahmed,Female,1997-01-05,Cairo,Junior Accountant,15810,Mass,2015-01-27
744,Yasmin Salma,Male,1960-03-03,Giza,Retired,22486,Mass,2016-08-09
745,Khaled Hassan,Male,2000-05-17,Tanta,Customer Service,16575,Mass,2017-01-07
746,Yasmin Ahmed,Male,1991-10-03,Giza,Accountant,34317,Mass,2016-04-26
747,Aya Khaled,Female,1993-02-20,Assiut,Accountant,42490,Mass,2022-05-24
748,Mahmoud Salma,Female,1973-05-02,Giza,Business Owner,48599,Mass,2016-10-16
749,Amr Ibrahim,Female,1962-01-21,Alexandria,Retired,25912,Mass,2018-10-01
750,Dina Hassan,Male,1999-08-02,Cairo,Junior Accountant,8916,Mass,2020-06-09
751,Fatma Fatma,Female,1992-02-03,Mansoura,Teacher,38447,Mass,2017-03-25
752,Khaled Omar,Male,1980-04-25,Assiut,Senior Manager,66784,Mass,2019-08-17
753,Fatma Salma,Male,1972-07-08,Mansoura,Senior Manager,79125,Mass,2016-08-16
754,Sara Mahmoud,Female,1973-10-15,Assiut,Business Owner,71999,Mass,2017-03-06
755,Mahmoud Mohamed,Male,2000-06-09,Alexandria,Sales Representative,14953,Mass,2016-07-13
756,Mona Khaled,Female,1967-08-15,Tanta,Doctor,53584,Mass,2016-10-04
757,Yasmin Aya,Female,2000-10-06,Giza,Sales Representative,9640,Mass,2021-08-20
758,Khaled Khaled,Female,1990-08-09,Mansoura,Engineer,37736,Mass,2021-07-01
759,Mohamed Mohamed,Female,1974-10-05,Assiut,Senior Manager,74592,Mass,2023-08-15
760,Salma Omar,Female,1992-01-14,Mansoura,IT Specialist,36297,Mass,2017-09-12
761,Yasmin Ibrahim,Male,1965-09-25,Alexandria,Retired,10929,Mass,2018-04-26
762,Amr Hassan,Female,1975-11-03,Tanta,Senior Manager,79875,Mass,2023-05-19
763,Nour Hassan,Female,1997-01-15,Assiut,Customer Service,10752,Mass,2020-03-16
764,Mona Aya,Male,2000-01-28,Alexandria,Junior Accountant,15996,Mass,2019-10-11
765,Youssef Laila,Female,1977-12-20,Assiut,Business Owner,97331,Mass,2015-08-13
766,Nour Sara,Female,1992-11-12,Tanta,Engineer,24226,Mass,2015-06-17
767,Dina Ibrahim,Male,1983-06-06,Alexandria,IT Specialist,22353,Mass,2017-09-04
768,Ibrahim Khaled,Female,1994-02-21,Alexandria,Branch Officer,44211,Mass,2017-12-31
769,Youssef Sara,Female,1992-11-14,Mansoura,Accountant,21819,Mass,2020-06-14
770,Dina Dina,Female,1992-09-27,Mansoura,Engineer,39527,Mass,2021-12-18
771,Heba Youssef,Male,1983-11-23,Mansoura,Engineer,27522,Mass,2017-01-02
772,Omar Mahmoud,Female,1978-02-04,Giza,Business Owner,62509,Mass,2017-04-16
773,Dina Mahmoud,Female,1993-11-01,Alexandria,Accountant,37243,Mass,2019-09-17
774,Ibrahim Youssef,Male,1988-12-21,Giza,Engineer,31917,Mass,2024-05-12
775,Mona Mona,Female,1993-11-11,Tanta,Branch Officer,44150,Mass,2022-06-20
776,Fatma Mahmoud,Female,1993-09-15,Giza,Branch Officer,32453,Mass,2023-11-07
777,Mohamed Mahmoud,Female,1976-04-16,Alexandria,Consultant,63547,Mass,2020-02-11
778,Hassan Mahmoud,Male,1970-10-06,Giza,Consultant,54528,Mass,2016-04-23
779,Heba Mostafa,Female,1962-06-19,Giza,Retired,15787,Mass,2017-04-20
780,Mahmoud Sara,Female,1995-12-02,Tanta,Accountant,34147,Mass,2016-10-27
781,Salma Mahmoud,Female,1994-05-04,Alexandria,Engineer,36732,Mass,2016-10-01
782,Mona Amr,Female,1960-12-18,Alexandria,Retired,32013,Mass,2023-06-17
783,Omar Salma,Male,1996-11-05,Giza,Customer Service,15013,Mass,2022-08-09
784,Laila Khaled,Female,1995-02-10,Alexandria,Engineer,36608,Mass,2016-01-14
785,Aya Khaled,Female,1980-01-20,Giza,Business Owner,88705,Mass,2015-04-03
786,Youssef Aya,Female,1965-09-28,Giza,Retired,29374,Mass,2020-07-01
787,Sara Nour,Male,1980-10-20,Assiut,Senior Manager,95806,Mass,2024-07-29
788,Amr Sara,Female,1987-06-13,Alexandria,Accountant,20018,Mass,2019-12-31
789,Heba Amr,Male,1995-02-07,Assiut,Branch Officer,37203,Mass,2019-10-03
790,Youssef Mahmoud,Male,1986-03-27,Alexandria,IT Specialist,44970,Mass,2020-04-28
791,Youssef Ahmed,Female,1993-06-03,Assiut,IT Specialist,35506,Mass,2018-01-24
792,Mahmoud Ibrahim,Male,1986-03-18,Mansoura,Branch Officer,43691,Mass,2018-03-31
793,Amr Salma,Female,1995-08-02,Giza,Accountant,44428,Mass,2015-04-20
794,Salma Omar,Female,1960-03-09,Mansoura,Retired,23185,Mass,2017-01-04
795,Omar Mostafa,Female,1991-12-21,Cairo,Teacher,20711,Mass,2021-09-19
796,Mostafa Salma,Male,1983-10-16,Alexandria,IT Specialist,38075,Mass,2020-09-30
797,Fatma Mohamed,Male,1996-01-28,Alexandria,Engineer,11268,Mass,2020-03-03
798,Sara Yasmin,Female,1968-06-06,Cairo,Senior Manager,62229,Mass,2018-04-02
799,Ibrahim Hassan,Male,1978-09-21,Tanta,Senior Manager,82778,Mass,2023-06-10
800,Amr Mostafa,Female,1970-09-11,Cairo,Consultant,97357,Mass,2020-12-28
801,Mahmoud Aya,Female,1997-06-27,Alexandria,Sales Representative,8074,Mass,2023-09-25
802,Ibrahim Mahmoud,Male,1991-07-11,Giza,Teacher,23862,Mass,2023-12-01
803,Dina Omar,Female,1995-10-23,Mansoura,IT Specialist,42165,Mass,2015-11-09
804,Amr Sara,Male,1967-03-01,Mansoura,Doctor,68666,Mass,2021-09-13
805,Omar Khaled,Male,1993-06-06,Assiut,Accountant,20724,Mass,2016-08-06
806,Youssef Yasmin,Male,1974-05-05,Cairo,Business Owner,50092,Mass,2015-03-19
807,Mohamed Aya,Male,1990-07-02,Mansoura,Teacher,24091,Mass,2016-05-02
808,Ahmed Omar,Male,1976-01-03,Tanta,Consultant,95875,Mass,2017-04-21
809,Youssef Mahmoud,Female,1997-04-06,Tanta,Engineer,8422,Mass,2018-11-25
810,Aya Fatma,Male,1982-03-28,Cairo,IT Specialist,29801,Mass,2024-03-11
811,Amr Hassan,Male,1997-01-17,Assiut,Sales Representative,11879,Mass,2016-02-09
812,Fatma Hassan,Female,1973-09-28,Assiut,Doctor,70220,Mass,2016-03-15
813,Aya Khaled,Female,1971-06-13,Cairo,Doctor,57254,Mass,2023-07-16
814,Mahmoud Salma,Female,1980-02-15,Assiut,Senior Manager,83278,Mass,2018-03-26
815,Salma Omar,Female,1995-12-02,Alexandria,Engineer,33476,Mass,2020-02-15
816,Dina Yasmin,Female,1998-12-10,Mansoura,Customer Service,12610,Mass,2017-02-12
817,Hassan Ahmed,Female,1964-08-22,Assiut,Retired,26052,Mass,2016-03-06
818,Mahmoud Nour,Female,1985-08-17,Assiut,Engineer,24577,Mass,2021-08-15
819,Ibrahim Mona,Male,1966-12-06,Tanta,Senior Manager,69986,Mass,2024-06-19
820,Mostafa Fatma,Female,1985-02-08,Assiut,Branch Officer,40760,Mass,2019-06-28
821,Salma Aya,Female,1982-08-22,Giza,IT Specialist,36727,Mass,2023-08-12
822,Salma Khaled,Male,1989-02-04,Cairo,Accountant,40344,Mass,2016-02-12
823,Hassan Nour,Female,1963-02-16,Giza,Retired,11538,Mass,2018-05-25
824,Salma Heba,Male,1999-10-04,Alexandria,Junior Accountant,18873,Mass,2022-06-04
825,Mona Dina,Male,1991-08-17,Cairo,Accountant,42606,Mass,2019-10-29
826,Heba Heba,Male,1967-07-15,Cairo,Consultant,71061,Mass,2016-12-25
827,Salma Yasmin,Male,1995-11-28,Alexandria,Accountant,26491,Mass,2023-01-10
828,Salma Dina,Female,1984-08-25,Mansoura,Engineer,43732,Mass,2021-04-21
829,Salma Fatma,Female,1970-09-02,Tanta,Doctor,61439,Mass,2022-08-02
830,Fatma Mohamed,Male,1982-05-11,Alexandria,Engineer,20698,Mass,2018-11-29
831,Omar Yasmin,Female,1997-01-25,Alexandria,Engineer,15905,Mass,2019-08-15
832,Khaled Amr,Male,1982-01-22,Assiut,Teacher,30046,Mass,2015-09-26
833,Dina Mona,Male,1979-02-11,Mansoura,Business Owner,40678,Mass,2022-05-18
834,Ahmed Salma,Male,1987-10-17,Alexandria,Branch Officer,30856,Mass,2019-03-28
835,Omar Ibrahim,Female,1996-07-11,Mansoura,Junior Accountant,18201,Mass,2020-08-21
836,Yasmin Ibrahim,Female,1981-03-20,Assiut,Accountant,34976,Mass,2024-07-02
837,Mostafa Mohamed,Female,1964-09-07,Tanta,Retired,22640,Mass,2019-07-05
838,Fatma Omar,Female,1974-10-24,Alexandria,Senior Manager,100145,Mass,2015-10-03
839,Sara Youssef,Female,1996-09-16,Tanta,Customer Service,12266,Mass,2024-01-07
840,Yasmin Nour,Female,1979-07-22,Tanta,Consultant,56045,Mass,2020-10-11
841,Ahmed Aya,Male,1989-11-25,Tanta,IT Specialist,27192,Mass,2020-08-06
842,Dina Laila,Female,1973-11-27,Tanta,Doctor,61826,Mass,2023-02-24
843,Heba Mahmoud,Male,2000-01-17,Giza,Sales Representative,15558,Mass,2023-05-16
844,Ibrahim Yasmin,Female,1979-07-14,Alexandria,Consultant,44488,Mass,2022-03-31
845,Khaled Omar,Male,1970-05-22,Giza,Business Owner,73577,Mass,2015-04-24
846,Yasmin Yasmin,Male,1975-05-15,Giza,Doctor,86694,Mass,2016-10-14
847,Dina Hassan,Male,1977-03-01,Assiut,Consultant,62665,Mass,2020-06-13
848,Mona Laila,Female,1961-01-28,Cairo,Retired,13975,Mass,2019-07-26
849,Mahmoud Khaled,Male,1983-11-22,Tanta,Engineer,36406,Mass,2023-03-28
850,Mostafa Salma,Male,1992-02-17,Giza,IT Specialist,41874,Mass,2021-09-22
851,Khaled Yasmin,Male,1967-06-11,Giza,Doctor,102758,Mass,2016-03-13
852,Mostafa Fatma,Male,1971-04-09,Mansoura,Doctor,73791,Mass,2020-12-25
853,Yasmin Salma,Male,1983-12-04,Alexandria,Accountant,42746,Mass,2023-10-18
854,Ahmed Laila,Male,1969-06-16,Assiut,Consultant,65254,Mass,2022-06-05
855,Mostafa Dina,Female,1963-12-26,Alexandria,Retired,20608,Mass,2022-03-02
856,Heba Nour,Male,1983-11-04,Mansoura,IT Specialist,29568,Mass,2017-11-12
857,Ibrahim Hassan,Female,1979-02-27,Assiut,Business Owner,64338,Mass,2018-07-23
858,Salma Yasmin,Female,1986-01-09,Assiut,Engineer,40444,Mass,2019-09-27
859,Youssef Sara,Female,1966-03-23,Tanta,Consultant,82137,Mass,2023-03-06
860,Mohamed Hassan,Female,1995-12-11,Assiut,Branch Officer,20664,Mass,2016-07-11
861,Mona Fatma,Male,1960-07-07,Cairo,Retired,23415,Mass,2016-10-08
862,Yasmin Mona,Female,1975-09-23,Mansoura,Business Owner,89607,Mass,2023-03-31
863,Ibrahim Youssef,Female,1968-05-06,Alexandria,Consultant,63007,Mass,2017-01-15
864,Ahmed Ahmed,Male,1985-07-27,Cairo,IT Specialist,29061,Mass,2020-03-09
865,Nour Laila,Female,1972-05-23,Tanta,Business Owner,43240,Mass,2017-12-01
866,Omar Ahmed,Female,1969-02-12,Mansoura,Business Owner,87326,Mass,2024-04-11
867,Mostafa Amr,Female,1991-02-08,Mansoura,Teacher,27615,Mass,2016-06-17
868,Ibrahim Yasmin,Male,1987-04-20,Mansoura,Teacher,31553,Mass,2023-11-20
869,Laila Heba,Male,1969-01-10,Alexandria,Consultant,59061,Mass,2021-07-15
870,Mona Nour,Male,1989-02-01,Assiut,Branch Officer,25173,Mass,2019-04-20
871,Omar Dina,Male,1987-12-20,Cairo,Accountant,22610,Mass,2018-09-25
872,Mostafa Aya,Female,1975-08-12,Alexandria,Senior Manager,39456,Mass,2019-06-05
873,Hassan Mostafa,Male,1983-03-18,Tanta,Engineer,44227,Mass,2020-07-11
874,Aya Yasmin,Male,1981-08-05,Alexandria,Engineer,33016,Mass,2016-04-23
875,Sara Yasmin,Female,1980-01-05,Alexandria,Doctor,62939,Mass,2021-11-15
876,Mona Salma,Male,1976-09-11,Tanta,Doctor,53055,Mass,2024-07-26
877,Mohamed Khaled,Male,2000-08-02,Cairo,Sales Representative,10965,Mass,2020-04-10
878,Omar Salma,Male,1976-03-23,Mansoura,Doctor,76181,Mass,2018-12-31
879,Mahmoud Omar,Female,1995-08-15,Cairo,Branch Officer,24291,Mass,2017-04-14
880,Aya Mostafa,Male,1978-03-27,Tanta,Business Owner,102891,Mass,2015-01-17
881,Khaled Salma,Male,1993-10-06,Alexandria,Branch Officer,22772,Mass,2015-04-17
882,Sara Fatma,Male,1978-11-22,Alexandria,Senior Manager,72581,Mass,2016-09-21
883,Heba Mostafa,Male,1961-02-15,Alexandria,Retired,30839,Mass,2015-06-29
884,Mohamed Amr,Female,1999-08-11,Cairo,Sales Representative,12301,Mass,2023-05-05
885,Youssef Nour,Female,1964-09-20,Giza,Retired,26646,Mass,2017-09-10
886,Nour Nour,Female,1985-02-01,Assiut,Teacher,26440,Mass,2023-06-10
887,Amr Laila,Male,1969-02-10,Alexandria,Doctor,75835,Mass,2022-06-18
888,Heba Nour,Female,1966-06-17,Alexandria,Business Owner,80713,Mass,2021-04-25
889,Laila Hassan,Female,1998-07-03,Assiut,Customer Service,15642,Mass,2019-10-11
890,Heba Khaled,Male,1965-01-17,Mansoura,Retired,24957,Mass,2020-11-29
891,Heba Yasmin,Male,2000-11-17,Mansoura,Junior Accountant,13990,Mass,2018-05-15
892,Aya Yasmin,Female,1969-03-22,Tanta,Consultant,60183,Mass,2015-07-15
893,Aya Yasmin,Female,1995-02-02,Cairo,IT Specialist,24083,Mass,2020-03-18
894,Aya Ahmed,Male,1996-05-12,Assiut,Engineer,9540,Mass,2022-06-02
895,Mohamed Youssef,Female,1989-03-26,Assiut,Teacher,36238,Mass,2018-05-04
896,Heba Laila,Female,1980-10-24,Alexandria,Doctor,103522,Mass,2024-01-31
897,Laila Mostafa,Male,1971-04-06,Mansoura,Senior Manager,102644,Mass,2020-12-28
898,Ahmed Hassan,Female,1961-01-13,Mansoura,Retired,15369,Mass,2022-10-04
899,Amr Laila,Female,1985-11-24,Assiut,IT Specialist,40232,Mass,2022-07-22
900,Ahmed Ibrahim,Male,1985-05-03,Cairo,Teacher,25255,Mass,2022-10-21
901,Mahmoud Khaled,Female,1972-01-07,Assiut,Doctor,145016,VIP,2023-11-10
902,Mahmoud Salma,Female,1994-04-03,Cairo,Accountant,60370,VIP,2016-04-22
903,Salma Ahmed,Female,1970-03-24,Tanta,Doctor,123576,VIP,2017-09-20
904,Mona Ahmed,Male,1972-05-19,Assiut,Doctor,66674,VIP,2024-07-03
905,Laila Dina,Female,1987-07-28,Cairo,Branch Officer,67922,VIP,2020-06-19
906,Khaled Mohamed,Male,1985-08-17,Mansoura,IT Specialist,61974,VIP,2021-06-18
907,Yasmin Salma,Male,1980-09-03,Mansoura,Consultant,144974,VIP,2021-12-25
908,Hassan Amr,Male,1982-08-23,Mansoura,Branch Officer,31362,VIP,2018-11-09
909,Mona Laila,Female,1988-04-17,Giza,Teacher,68512,VIP,2018-04-16
910,Hassan Laila,Male,1984-07-27,Alexandria,Accountant,60954,VIP,2022-09-30
911,Hassan Ibrahim,Male,1965-11-16,Tanta,Retired,24460,VIP,2020-07-08
912,Ibrahim Dina,Male,1966-07-16,Cairo,Consultant,90764,VIP,2019-01-09
913,Aya Mohamed,Male,1976-06-22,Alexandria,Business Owner,82900,VIP,2019-10-30
914,Khaled Salma,Female,1967-10-08,Alexandria,Senior Manager,133660,VIP,2023-10-20
915,Mahmoud Aya,Male,1982-01-25,Assiut,IT Specialist,47530,VIP,2015-07-26
916,Laila Laila,Male,1988-08-27,Tanta,Engineer,36938,VIP,2015-06-21
917,Sara Hassan,Female,1992-02-06,Assiut,Engineer,43460,VIP,2019-12-14
918,Sara Mona,Male,1992-08-24,Cairo,Engineer,40110,VIP,2024-07-07
919,Salma Mona,Female,1972-08-14,Tanta,Senior Manager,92154,VIP,2016-12-02
920,Sara Khaled,Male,1965-05-12,Tanta,Retired,43198,VIP,2019-09-24
921,Yasmin Heba,Female,1974-03-26,Cairo,Doctor,114186,VIP,2019-12-18
922,Mona Mona,Female,1969-01-23,Giza,Senior Manager,71112,VIP,2019-11-13
923,Mahmoud Fatma,Male,1963-07-25,Assiut,Retired,18430,VIP,2022-12-31
924,Amr Mona,Female,1993-05-14,Cairo,Branch Officer,66280,VIP,2024-04-10
925,Nour Heba,Male,1977-09-20,Tanta,Business Owner,151788,VIP,2022-01-01
926,Ibrahim Amr,Male,1999-11-15,Cairo,Engineer,25254,VIP,2021-01-10
927,Dina Amr,Male,1981-07-24,Cairo,Teacher,64108,VIP,2020-09-26
928,Ahmed Ahmed,Female,1995-05-17,Giza,Accountant,40486,VIP,2024-05-01
929,Mohamed Sara,Female,1979-12-14,Assiut,Senior Manager,155942,VIP,2020-09-09
930,Amr Fatma,Male,1982-02-02,Mansoura,Engineer,59408,VIP,2018-10-20
931,Amr Amr,Male,1975-12-19,Assiut,Business Owner,105918,VIP,2019-03-27
932,Aya Fatma,Male,1993-12-08,Alexandria,Engineer,51484,VIP,2020-02-04
933,Youssef Youssef,Male,1966-03-23,Mansoura,Doctor,114008,VIP,2016-06-16
934,Aya Nour,Female,1990-04-15,Alexandria,Engineer,54202,VIP,2021-07-21
935,Yasmin Hassan,Male,1991-11-14,Tanta,Branch Officer,62082,VIP,2016-06-04
936,Aya Omar,Male,1991-12-15,Mansoura,Teacher,63632,VIP,2020-04-22
937,Omar Laila,Female,1962-12-06,Cairo,Retired,40204,VIP,2016-05-10
938,Mahmoud Omar,Female,1983-10-10,Alexandria,Engineer,64260,VIP,2019-03-14
939,Mahmoud Fatma,Female,1979-05-16,Cairo,Senior Manager,78726,VIP,2018-06-03
940,Omar Dina,Female,1978-04-06,Cairo,Doctor,60272,VIP,2015-07-03
941,Heba Mona,Female,1986-08-19,Mansoura,Accountant,67076,VIP,2024-05-10
942,Heba Heba,Female,1998-03-25,Giza,Sales Representative,28540,VIP,2023-03-01
943,Khaled Nour,Female,1980-02-26,Tanta,Doctor,110754,VIP,2015-07-07
944,Ahmed Fatma,Female,1988-12-09,Tanta,Engineer,40852,VIP,2022-03-27
945,Laila Dina,Male,1967-11-18,Tanta,Senior Manager,85220,VIP,2020-11-07
946,Dina Hassan,Male,1972-08-17,Alexandria,Senior Manager,75764,VIP,2023-10-28
947,Dina Laila,Female,1973-04-27,Mansoura,Doctor,71094,VIP,2021-08-09
948,Mona Yasmin,Male,1962-08-28,Mansoura,Retired,17524,VIP,2015-04-09
949,Omar Omar,Male,1993-06-13,Alexandria,Accountant,35964,VIP,2016-08-12
950,Amr Yasmin,Male,1971-05-25,Cairo,Senior Manager,80214,VIP,2021-11-21
951,Nour Omar,Female,1980-03-01,Giza,Senior Manager,99062,VIP,2019-08-18
952,Ibrahim Khaled,Male,1980-05-13,Mansoura,Senior Manager,66798,VIP,2020-09-14
953,Mona Heba,Female,1992-07-04,Cairo,Accountant,33972,VIP,2020-06-06
954,Ahmed Mostafa,Male,1961-07-21,Giza,Retired,31318,VIP,2023-07-23
955,Fatma Yasmin,Female,1995-11-26,Cairo,Teacher,49962,VIP,2024-06-28
956,Dina Hassan,Male,2000-09-07,Tanta,Sales Representative,24232,VIP,2019-10-02
957,Laila Amr,Male,1995-08-02,Cairo,Engineer,60450,VIP,2015-09-04
958,Sara Ibrahim,Female,1990-05-20,Cairo,Accountant,54912,VIP,2016-10-23
959,Nour Omar,Male,1994-10-03,Assiut,Accountant,35878,VIP,2021-03-29
960,Mona Mostafa,Female,1977-07-07,Alexandria,Consultant,149404,VIP,2017-10-04
961,Mona Ahmed,Male,1980-06-07,Assiut,Doctor,138578,VIP,2015-01-09
962,Yasmin Dina,Female,1998-08-01,Mansoura,Junior Accountant,17686,VIP,2021-01-13
963,Dina Ahmed,Female,1965-11-21,Assiut,Retired,21080,VIP,2016-05-20
964,Nour Hassan,Male,1982-07-27,Cairo,IT Specialist,53458,VIP,2020-03-10
965,Ahmed Mostafa,Female,1983-04-15,Giza,Engineer,44516,VIP,2016-01-04
966,Salma Sara,Male,1999-11-10,Alexandria,Sales Representative,19676,VIP,2020-07-11
967,Omar Mostafa,Female,1998-04-01,Giza,Sales Representative,24978,VIP,2021-03-10
968,Fatma Mahmoud,Male,1972-11-24,Giza,Business Owner,68566,VIP,2017-11-29
969,Ahmed Dina,Female,1996-04-17,Assiut,Engineer,18286,VIP,2021-04-13
970,Yasmin Yasmin,Female,1989-01-14,Cairo,Engineer,51168,VIP,2022-08-17
971,Mohamed Khaled,Male,1993-08-16,Alexandria,Accountant,63898,VIP,2019-09-17
972,Ibrahim Mona,Male,1994-08-11,Tanta,Engineer,55680,VIP,2024-01-22
973,Youssef Khaled,Male,1961-12-08,Giza,Retired,43774,VIP,2018-09-10
974,Salma Yasmin,Male,1979-02-21,Tanta,Senior Manager,63652,VIP,2023-12-10
975,Omar Salma,Male,2000-06-27,Alexandria,Engineer,20098,VIP,2024-05-02
976,Youssef Laila,Female,1963-06-17,Cairo,Retired,31514,VIP,2022-01-05
977,Mohamed Nour,Female,1988-10-04,Assiut,Engineer,33976,VIP,2015-09-24
978,Amr Laila,Female,1968-01-26,Cairo,Doctor,67180,VIP,2016-02-22
979,Nour Nour,Male,1963-09-02,Tanta,Retired,35326,VIP,2023-06-08
980,Heba Nour,Female,1986-04-28,Mansoura,IT Specialist,30694,VIP,2021-12-15
981,Aya Mona,Male,1999-02-11,Cairo,Junior Accountant,26878,VIP,2016-02-25
982,Fatma Ibrahim,Male,1960-10-23,Assiut,Retired,20426,VIP,2020-09-15
983,Laila Heba,Male,1976-06-14,Giza,Doctor,154976,VIP,2016-07-17
984,Fatma Yasmin,Female,1962-01-05,Alexandria,Retired,36424,VIP,2021-07-18
985,Laila Mona,Female,1994-03-05,Alexandria,Branch Officer,50228,VIP,2015-02-03
986,Khaled Aya,Male,1993-10-22,Mansoura,Teacher,33756,VIP,2018-11-09
987,Mona Ibrahim,Female,1972-04-21,Assiut,Business Owner,68964,VIP,2022-10-04
988,Fatma Mona,Female,1989-10-23,Mansoura,Accountant,67906,VIP,2018-09-08
989,Khaled Ahmed,Male,1970-02-15,Assiut,Senior Manager,125002,VIP,2017-08-01
990,Mona Nour,Male,1989-10-07,Mansoura,Teacher,61506,VIP,2017-01-24
991,Sara Ahmed,Male,1960-06-01,Giza,Retired,20832,VIP,2018-04-05
992,Mohamed Ahmed,Male,1988-04-21,Giza,IT Specialist,53586,VIP,2018-03-09
993,Dina Khaled,Male,1971-04-09,Giza,Business Owner,104540,VIP,2015-03-30
994,Mahmoud Nour,Male,1971-05-04,Alexandria,Senior Manager,148794,VIP,2017-05-11
995,Hassan Aya,Female,1979-08-08,Assiut,Consultant,108804,VIP,2015-09-25
996,Dina Nour,Female,1967-03-05,Alexandria,Business Owner,85124,VIP,2021-09-21
997,Ibrahim Dina,Female,1987-11-08,Giza,Engineer,68490,VIP,2018-09-04
998,Aya Fatma,Female,1975-01-21,Giza,Consultant,76574,VIP,2023-02-27
999,Hassan Aya,Female,1965-08-26,Assiut,Retired,20250,VIP,2023-06-04
1000,Hassan Mona,Female,1992-06-16,Tanta,IT Specialist,60426,VIP,2022-10-15
